Animal,Day,trial duration,Correct,Strategy,Trial,Correct arm,Reward zone,Start zone,Start time,End time,Learning stage,Trajectory
HM07,HM07-0321-0109.mat,39.9202236215612,1,1,1,1,1,2,546560,558340,2,1
HM07,HM07-0321-0109.mat,16.239699980314,0,1,2,1,2,1,602540,606400,2,3
HM07,HM07-0321-0109.mat,8.41597347324869,0,1,3,1,2,1,627820,635400,2,3
HM07,HM07-0321-0109.mat,6.23883947681887,1,1,4,1,1,1,656420,658640,2,4
HM07,HM07-0321-0109.mat,29.2249141902871,0,1,5,1,2,1,700460,707240,2,3
HM07,HM07-0321-0109.mat,5.11302166463689,1,1,6,1,1,1,726700,729580,2,4
HM07,HM07-0321-0109.mat,7.05571707078627,0,1,7,1,2,2,749480,755980,2,2
HM07,HM07-0321-0109.mat,2.41058862414708,1,1,8,1,1,2,773200,777620,2,1
HM07,HM07-0321-0109.mat,10.964814895981,1,1,9,1,1,2,801320,804880,2,1
HM07,HM07-0321-0109.mat,4.65496910828982,1,1,10,1,1,1,882820,886200,2,4
HM07,HM07-0321-0109.mat,13.0378235274687,0,1,11,1,2,1,915520,918240,2,3
HM07,HM07-0321-0109.mat,3.11285063479088,1,1,12,1,1,1,935180,936920,2,4
HM07,HM07-0321-0109.mat,3.9248309140655,1,1,13,1,1,1,958380,961440,3,4
HM07,HM07-0321-0109.mat,11.256004269198,1,1,14,1,1,2,984380,987320,3,1
HM07,HM07-0321-0109.mat,5.85751801571545,1,1,15,1,1,1,1030680,1033660,3,4
HM07,HM07-0321-0109.mat,17.5214526384278,1,1,16,1,1,2,1054620,1072820,3,1
HM07,HM07-0321-0109.mat,11.3390273495604,1,1,17,1,1,2,1096940,1102260,3,1
HM07,HM07-0321-0109.mat,15.4387296404798,1,1,18,1,1,2,1129040,1136520,3,1
HM07,HM07-0321-0109.mat,9.30071830733555,1,1,19,1,1,2,1157140,1159680,3,1
HM07,HM07-0321-0109.mat,14.5505589206053,1,1,20,1,1,2,1190120,1195960,3,1
HM07,HM07-0321-0109.mat,10.4836795685758,0,3,1,2,1,2,1221440,1223780,1,1
HM07,HM07-0321-0109.mat,12.5472307061944,0,3,2,2,1,2,1240540,1246680,1,1
HM07,HM07-0321-0109.mat,11.256705780017,0,3,3,2,1,2,1263300,1267120,1,1
HM07,HM07-0321-0109.mat,14.7849545626533,0,3,4,2,1,2,1289820,1297620,1,1
HM07,HM07-0321-0109.mat,16.934599765436,0,3,5,2,1,2,1323020,1326360,1,1
HM07,HM07-0321-0109.mat,11.8757189513021,1,3,6,2,2,2,1343920,1348840,1,2
HM07,HM07-0321-0109.mat,26.3774131465941,1,3,7,2,2,2,1374980,1394500,2,2
HM07,HM07-0321-0109.mat,20.6614887205752,1,3,8,1,1,1,1429800,1434660,2,4
HM07,HM07-0321-0109.mat,22.6281368382243,1,3,9,1,1,1,1472680,1477660,2,4
HM07,HM07-0321-0109.mat,2.93378822275237,1,3,10,1,1,1,1525560,1527840,2,4
HM07,HM07-0321-0109.mat,11.0127831497639,1,3,11,2,2,2,1552800,1556720,2,2
HM07,HM07-0321-0109.mat,11.5317954098197,0,3,12,2,1,2,1581300,1586280,2,1
HM07,HM07-0321-0109.mat,10.0008212398859,1,3,13,2,2,2,1606220,1608180,2,2
HM07,HM07-0321-0109.mat,11.8258488013213,0,3,14,2,1,2,1629120,1634780,2,1
HM07,HM07-0321-0109.mat,10.8048569580087,1,3,15,2,2,2,1655940,1657800,2,2
HM07,HM07-0321-0109.mat,3.20817409853022,1,3,16,1,1,1,1676300,1678860,2,4
HM07,HM07-0321-0109.mat,16.5557700105103,1,3,17,2,2,2,1704380,1709720,2,2
HM07,HM07-0321-0109.mat,16.7724399542884,0,3,18,1,2,1,1739340,1749860,2,3
HM07,HM07-0321-0109.mat,4.3890652351479,1,3,19,1,1,1,1765460,1767880,2,4
HM07,HM07-0321-0109.mat,17.5287223639913,0,3,20,1,2,1,1827640,1829900,2,3
HM07,HM07-0321-0109.mat,14.9547503455064,1,3,21,1,1,1,1852400,1859280,2,4
HM07,HM07-0321-0109.mat,31.3920274920338,0,3,22,2,1,2,1881800,1905520,2,1
HM07,HM07-0321-0109.mat,9.06395901102751,1,3,23,2,2,2,1922540,1925040,2,2
HM07,HM07-0321-0109.mat,24.2898077916618,1,3,24,2,2,2,1944160,1961320,2,2
HM07,HM07-0321-0109.mat,10.6265543891493,0,3,25,1,2,1,1990360,1994160,2,3
HM07,HM07-0321-0109.mat,4.81753489164345,1,3,26,1,1,1,2010220,2014040,2,4
HM07,HM07-0321-0109.mat,15.2128532316778,1,3,27,2,2,2,2041060,2044300,2,2
HM07,HM07-0321-0109.mat,28.547603973574,1,3,28,2,2,2,2125340,2127520,2,2
HM07,HM07-0321-0109.mat,8.89885417093475,1,3,29,1,1,1,2162380,2165200,2,4
HM07,HM07-0321-0109.mat,26.6386170200697,0,3,30,1,2,1,2216440,2218900,2,3
HM07,HM07-0321-0109.mat,3.77697055204284,1,3,31,1,1,1,2236300,2238640,2,4
HM07,HM07-0321-0109.mat,10.6155683712317,0,3,32,1,2,1,2264360,2269180,2,3
HM07,HM07-0321-0109.mat,3.67981936504229,1,3,33,1,1,1,2286460,2289000,2,4
HM07,HM07-0321-0109.mat,10.5518703378322,1,3,34,2,2,2,2311840,2314580,2,2
HM07,HM07-0321-0109.mat,68.5445132256719,1,3,35,1,1,1,2409980,2414740,2,4
HM07,HM07-0321-0109.mat,10.3957175886288,1,3,36,2,2,2,2439820,2441360,2,2
HM07,HM07-0321-0109.mat,13.9918213172953,0,3,37,2,1,2,2469160,2471160,2,1
HM07,HM07-0321-0109.mat,11.339033433543,1,3,38,2,2,2,2490980,2494080,2,2
HM07,HM07-0321-0109.mat,10.0037084439699,0,3,39,2,1,2,2514160,2518420,2,1
HM07,HM07-0321-0109.mat,9.91778023489765,1,3,40,2,2,2,2580940,2583120,2,2
HM07,HM07-0321-0109.mat,4.39177751722527,1,3,41,1,1,1,2602380,2604520,2,4
HM07,HM07-0321-0109.mat,13.2798082200831,1,3,42,1,1,1,2624620,2635520,2,4
HM07,HM07-0321-0109.mat,2.29414186416643,1,3,43,2,2,2,2680500,2701300,2,2
HM07,HM07-0321-0109.mat,13.1819776420146,1,3,44,2,2,2,2722200,2728240,2,2
HM07,HM07-0321-0109.mat,18.1365461273586,0,3,45,2,1,2,2762480,2774280,2,1
HM07,HM07-0321-0109.mat,11.7445028641497,1,3,46,2,2,2,2796360,2798460,2,2
HM07,HM07-0321-0109.mat,9.7636580464123,1,3,47,2,2,2,2817300,2821280,2,2
HM07,HM07-0321-0109.mat,10.01056609833,0,3,48,1,2,1,2850060,2852040,2,3
HM07,HM07-0321-0109.mat,3.51984257152867,1,3,49,1,1,1,2868440,2870720,2,4
HM07,HM07-0321-0109.mat,13.5997541615922,1,3,50,1,1,1,2905600,2909140,2,4
HM07,HM07-0321-0109.mat,13.0560552563354,1,3,51,2,2,2,2932580,2934520,2,2
HM07,HM07-0321-0109.mat,2.63001102050349,1,3,52,1,1,1,2955940,2958040,2,4
HM07,HM07-0321-0109.mat,19.3762082144108,0,3,53,1,2,1,2996400,2998680,2,3
HM07,HM07-0321-0109.mat,3.2618553410854,1,3,54,1,1,1,3015500,3018080,2,4
HM07,HM07-0321-0109.mat,8.89767696835221,1,3,55,2,2,2,3040060,3042800,2,2
HM07,HM07-0321-0109.mat,16.6954927965833,1,3,56,1,1,1,3075740,3080040,2,4
HM07,HM07-0321-0109.mat,16.8239438037403,1,3,57,2,2,2,3101360,3110520,2,2
HM07,HM07-0321-0109.mat,267.839599261941,0,3,58,1,2,1,3299780,3307380,2,3
HM07,HM07-0321-0109.mat,3.76288224053653,1,3,59,1,1,1,3322440,3324920,2,4
HM07,HM07-0321-0109.mat,43.7145864329924,0,3,60,2,1,2,3372580,3390800,2,1
HM07,HM07-0321-0109.mat,24.4795386233129,1,3,61,2,2,2,3409740,3425900,2,2
HM07,HM07-0321-0109.mat,51.9225287642849,1,3,62,1,1,1,3492520,3497980,2,4
HM07,HM07-0321-0109.mat,8.29659023072688,1,3,63,2,2,2,3519000,3521100,2,2
HM07,HM07-0321-0109.mat,9.75761914415842,0,3,64,2,1,2,3541640,3551980,2,1
HM07,HM07-0321-0109.mat,8.97606305700606,1,3,65,2,2,2,3570080,3572040,2,2
HM07,HM07-0321-0109.mat,11.6206430476635,1,3,66,1,1,1,3603000,3605500,2,4
HM07,HM07-0321-0109.mat,47.2697744358619,0,3,67,1,2,1,3669720,3672100,2,3
HM07,HM07-0321-0109.mat,11.1698218001034,1,3,68,1,1,1,3693880,3698620,2,4
HM07,HM07-0321-0109.mat,21.0610767177725,1,3,69,1,1,1,3735480,3738600,2,4
HM07,HM07-0321-0109.mat,14.9411299150832,1,3,70,2,2,2,3769660,3777820,2,2
HM07,HM07-0321-0109.mat,15.2788353861297,1,3,71,2,2,2,3804860,3807840,2,2
HM07,HM07-0321-0109.mat,3.28080285981215,1,3,72,1,1,1,3830680,3833300,2,4
HM07,HM07-0321-0109.mat,16.3324214213977,0,3,73,2,1,2,3876360,3884860,2,1
HM07,HM07-0321-0109.mat,9.69588227924125,1,3,74,2,2,2,3903820,3906020,2,2
HM07,HM07-0321-0109.mat,3.65175408551743,1,3,75,1,1,1,3928880,3930940,2,4
HM07,HM07-0321-0109.mat,28.5306983156771,1,3,76,2,2,2,3954960,3976640,2,2
HM07,HM07-0321-0109.mat,63.1023534785873,0,3,77,2,1,2,3997220,4053780,2,1
HM07,HM07-0321-0109.mat,9.01548078377071,1,3,78,2,2,2,4072080,4074680,2,2
HM07,HM07-0321-0109.mat,3.89496147845381,1,3,79,1,1,1,4099400,4101500,2,4
HM07,HM07-0321-0109.mat,55.3585512957742,0,3,80,1,2,1,4177200,4180360,2,3
HM07,HM07-0321-0109.mat,2.94074201965266,1,3,81,1,1,1,4197360,4199480,2,4
HM07,HM07-0324-0108.mat,20.6624772566357,0,1,1,1,2,1,531880,539940,2,3
HM07,HM07-0324-0108.mat,15.209861506815,1,1,2,1,1,1,570380,574820,2,4
HM07,HM07-0324-0108.mat,29.3754779216229,1,1,3,1,1,1,624860,626560,2,4
HM07,HM07-0324-0108.mat,18.1279468714236,1,1,4,1,1,2,653140,663280,2,1
HM07,HM07-0324-0108.mat,7.9438237556931,0,1,5,1,2,2,684160,686560,2,2
HM07,HM07-0324-0108.mat,12.4824337091473,0,1,6,1,2,2,703600,708520,2,2
HM07,HM07-0324-0108.mat,13.0091894195959,0,1,7,1,2,2,724080,730760,2,2
HM07,HM07-0324-0108.mat,9.02187513354799,1,1,8,1,1,2,749060,751200,2,1
HM07,HM07-0324-0108.mat,8.62301258971322,0,1,9,1,2,2,772740,775260,2,2
HM07,HM07-0324-0108.mat,11.080328668524,1,1,10,1,1,2,834800,837020,2,1
HM07,HM07-0324-0108.mat,8.41608255250997,0,1,11,1,2,2,860000,862260,2,2
HM07,HM07-0324-0108.mat,8.13668264326588,1,1,12,1,1,2,881920,883760,2,1
HM07,HM07-0324-0108.mat,10.8857169032882,1,1,13,1,1,1,912040,913900,2,4
HM07,HM07-0324-0108.mat,9.37453730701857,1,1,14,1,1,2,940400,943400,3,1
HM07,HM07-0324-0108.mat,12.1497414577668,1,1,15,1,1,1,973680,975580,3,4
HM07,HM07-0324-0108.mat,2.70415273552326,1,1,16,1,1,2,982320,984220,3,1
HM07,HM07-0324-0108.mat,7.03994913565006,1,1,17,1,1,1,1009900,1011540,3,4
HM07,HM07-0324-0108.mat,4.89093938773127,1,1,18,1,1,1,1033140,1034620,3,4
HM07,HM07-0324-0108.mat,2.42349224370631,1,1,19,1,1,1,1081640,1083180,3,4
HM07,HM07-0324-0108.mat,9.38256361755727,1,1,20,1,1,2,1110160,1112420,3,1
HM07,HM07-0324-0108.mat,6.14057804707963,1,1,21,1,1,1,1140900,1142680,3,4
HM07,HM07-0324-0108.mat,3.40949613920355,1,1,22,1,1,1,1167480,1169980,3,4
HM07,HM07-0324-0108.mat,8.5567941869505,0,3,1,2,1,2,1194960,1197240,2,1
HM07,HM07-0324-0108.mat,8.42285162876829,1,3,2,2,2,2,1213480,1216100,2,2
HM07,HM07-0324-0108.mat,1.74251513321433,1,3,3,1,1,1,1237280,1238780,2,4
HM07,HM07-0324-0108.mat,9.83142324318914,0,3,4,2,1,2,1259120,1263620,2,1
HM07,HM07-0324-0108.mat,8.77572921606246,1,3,5,2,2,2,1282040,1283740,2,2
HM07,HM07-0324-0108.mat,2.00076162359654,1,3,6,1,1,1,1306640,1308260,2,4
HM07,HM07-0324-0108.mat,2.66389064747001,1,3,7,1,1,1,1330020,1331940,3,4
HM07,HM07-0324-0108.mat,7.21275942676966,1,3,8,1,1,1,1390760,1392520,3,4
HM07,HM07-0324-0108.mat,6.7919070606096,1,3,9,2,2,2,1411440,1413780,3,2
HM07,HM07-0324-0108.mat,1.81789081263242,1,3,10,1,1,1,1433000,1434520,3,4
HM07,HM07-0324-0108.mat,10.5687730288117,1,3,11,2,2,2,1455940,1459720,2,2
HM07,HM07-0324-0108.mat,4.70360013780217,0,3,12,2,1,2,1478700,1481440,2,1
HM07,HM07-0324-0108.mat,7.66286986336564,1,3,13,2,2,2,1498480,1500320,2,2
HM07,HM07-0324-0108.mat,2.09694056255318,1,3,14,1,1,1,1519960,1521680,3,4
HM07,HM07-0324-0108.mat,1.94177767671544,1,3,15,1,1,1,1561840,1563480,3,4
HM07,HM07-0324-0108.mat,2.16677546954505,1,3,16,1,1,1,1584700,1586480,3,4
HM07,HM07-0324-0108.mat,0.894631804274203,1,2,1,2,2,2,1601600,1603280,1,2
HM07,HM07-0324-0108.mat,2.23887425768673,0,2,2,2,1,1,1647180,1649000,1,4
HM07,HM07-0324-0108.mat,1.98597735072822,0,2,3,2,1,1,1662040,1663740,1,4
HM07,HM07-0324-0108.mat,2.18501678083449,0,2,4,2,1,1,1678300,1680060,1,4
HM07,HM07-0324-0108.mat,5.52658151582389,1,2,5,2,2,1,1695960,1698520,1,3
HM07,HM07-0324-0108.mat,26.186842313942,1,2,6,2,2,2,1718420,1738500,1,2
HM07,HM07-0324-0108.mat,2.22305023639913,0,2,7,2,1,1,1758280,1760100,1,4
HM07,HM07-0324-0108.mat,53.6503586860413,1,2,8,2,2,1,1813160,1827640,1,3
HM07,HM07-0324-0108.mat,2.86694618474834,0,2,9,2,1,1,1845600,1847760,1,4
HM07,HM07-0324-0108.mat,3.58897267646519,0,2,10,2,1,1,1863100,1865220,1,4
HM07,HM07-0324-0108.mat,14.5598112016817,0,2,11,2,1,1,1890820,1893040,1,4
HM07,HM07-0324-0108.mat,32.879677745116,1,2,12,2,2,1,1948000,1950660,1,3
HM07,HM07-0324-0108.mat,2.38871478186884,0,2,13,2,1,1,1976880,1978940,1,4
HM07,HM07-0324-0108.mat,2.42165340351345,0,2,14,2,1,1,1995560,1997640,1,4
HM07,HM07-0324-0108.mat,10.8966412795916,1,2,15,2,2,1,2019180,2022520,2,3
HM07,HM07-0324-0108.mat,28.773307778649,1,2,16,2,2,2,2072200,2073880,2,2
HM07,HM07-0324-0108.mat,5.1829984401328,1,2,17,2,2,1,2094700,2098660,2,3
HM07,HM07-0324-0108.mat,9.17563541816119,1,2,18,2,2,2,2122120,2125800,2,2
HM07,HM07-0324-0108.mat,5.21262911996797,1,2,19,2,2,1,2149440,2154120,2,3
HM07,HM07-0324-0108.mat,7.58905284262858,1,2,20,2,2,2,2174540,2176620,2,2
HM07,HM07-0324-0108.mat,127.294917138186,0,2,21,2,1,1,2249460,2253380,2,4
HM07,HM07-0324-0108.mat,2.79973234814234,0,2,22,2,1,1,2275560,2277760,2,4
HM07,HM07-0324-0108.mat,4.47178941659298,1,2,23,2,2,1,2297600,2301300,2,3
HM07,HM07-0324-0108.mat,4.07797215194942,1,2,24,2,2,1,2321000,2324840,2,3
HM07,HM07-0324-0108.mat,2.21465040956941,0,2,25,2,1,1,2343260,2345180,2,4
HM07,HM07-0324-0108.mat,19.0944340955273,1,2,26,2,2,1,2378240,2379980,2,3
HM07,HM07-0324-0108.mat,8.06863042425051,1,2,27,2,2,2,2397920,2400760,3,2
HM07,HM07-0324-0108.mat,2.56172520778766,1,2,28,2,2,1,2425740,2427940,3,3
HM07,HM07-0324-0108.mat,1.59185379990324,1,2,29,2,2,2,2448880,2451260,3,2
HM07,HM07-0324-0108.mat,7.52972346307202,1,2,30,2,2,2,2470760,2472920,3,2
HM07,HM07-0324-0108.mat,5.50395739176857,1,2,31,2,2,1,2494160,2496040,3,3
HM07,HM07-0324-0108.mat,7.98101094309404,1,2,32,2,2,2,2520240,2522680,3,2
HM07,HM07-0324-0108.mat,3.25657227306852,1,2,33,2,2,1,2541760,2544540,3,3
HM07,HM07-0324-0108.mat,30.5697004094026,1,2,34,2,2,2,2563780,2588500,3,2
HM07,HM07-0324-0108.mat,31.8134582179143,1,2,35,2,2,1,2725660,2728360,3,3
HM07,HM07-0324-0108.mat,3.90305421431074,1,2,36,2,2,1,2747320,2750380,3,3
HM07,HM07-0324-0108.mat,5.52082693014798,0,1,1,1,2,2,2769380,2771140,1,2
HM07,HM07-0324-0108.mat,42.8837110575399,0,1,2,1,2,2,2819320,2821420,1,2
HM07,HM07-0324-0108.mat,69.662575981048,0,1,3,1,2,2,2860900,2900620,1,2
HM07,HM07-0324-0108.mat,13.2886744985903,0,1,4,1,2,2,2914980,2922560,1,2
HM07,HM07-0324-0108.mat,19.8157894542967,0,1,5,1,2,2,2939160,2952760,1,2
HM07,HM07-0324-0108.mat,20.4777705153401,0,1,6,1,2,2,2999420,3012240,1,2
HM07,HM07-0324-0108.mat,17.4308527895764,1,1,7,1,1,2,3030860,3042200,1,1
HM07,HM07-0324-0108.mat,12.3446515994061,0,1,8,1,2,2,3065720,3068140,1,2
HM07,HM07-0324-0108.mat,12.9325880699354,0,1,9,1,2,2,3086620,3093360,1,2
HM07,HM07-0324-0108.mat,13.91994165763,0,1,10,1,2,2,3109200,3117220,1,2
HM07,HM07-0324-0108.mat,11.9429885947849,0,1,11,1,2,2,3131580,3137140,1,2
HM07,HM07-0324-0108.mat,23.7607428314509,1,1,12,1,1,2,3153080,3170840,1,1
HM07,HM07-0324-0108.mat,252.904441076058,0,1,13,1,2,1,3309240,3312040,1,3
HM07,HM07-0324-0108.mat,6.47186981732037,1,1,14,1,1,1,3328300,3333460,1,4
HM07,HM07-0324-0108.mat,9.46152834820907,0,1,15,1,2,2,3356200,3359460,1,2
HM07,HM07-0324-0108.mat,43.181830008842,0,1,16,1,2,2,3381900,3418560,1,2
HM07,HM07-0326-0107.mat,13.0187121946581,0,1,1,1,2,1,636700,644160,2,3
HM07,HM07-0326-0107.mat,8.87480265327572,0,1,2,1,2,1,662800,667640,2,3
HM07,HM07-0326-0107.mat,2.21584105036619,1,1,3,1,1,1,683040,685060,2,4
HM07,HM07-0326-0107.mat,2.19730730852004,1,1,4,1,1,1,720500,722560,2,4
HM07,HM07-0326-0107.mat,10.5558560220884,0,1,5,1,2,2,747480,752340,2,2
HM07,HM07-0326-0107.mat,9.54209000717372,1,1,6,1,1,2,773720,776320,2,1
HM07,HM07-0326-0107.mat,11.9874927532073,1,1,7,1,1,1,808480,810120,2,4
HM07,HM07-0326-0107.mat,6.91694701956924,0,1,8,1,2,2,831840,833560,2,2
HM07,HM07-0326-0107.mat,7.97509816185916,1,1,9,1,1,2,849300,851240,2,1
HM07,HM07-0326-0107.mat,3.29010541032015,1,1,10,1,1,1,877480,880520,2,4
HM07,HM07-0326-0107.mat,6.33440402062028,1,1,11,1,1,1,921960,924740,2,4
HM07,HM07-0326-0107.mat,4.07312953304082,0,1,12,1,2,2,957240,959000,2,2
HM07,HM07-0326-0107.mat,8.94004448073939,1,1,13,1,1,2,976180,977780,2,1
HM07,HM07-0326-0107.mat,8.89862133998432,1,1,14,1,1,1,998180,1006940,2,4
HM07,HM07-0326-0107.mat,8.00345349360204,0,1,15,1,2,2,1034380,1036440,2,2
HM07,HM07-0326-0107.mat,9.12879740978629,1,1,16,1,1,2,1052360,1054560,2,1
HM07,HM07-0326-0107.mat,12.8546762046012,1,1,17,1,1,1,1078540,1084760,2,4
HM07,HM07-0326-0107.mat,23.5788410223386,0,1,18,1,2,1,1114980,1126680,2,3
HM07,HM07-0326-0107.mat,2.81462237300012,1,1,19,1,1,1,1148780,1151500,2,4
HM07,HM07-0326-0107.mat,10.6250675010427,1,1,20,1,1,2,1195080,1196700,2,1
HM07,HM07-0326-0107.mat,4.07382078577268,1,1,21,1,1,1,1220320,1222260,2,4
HM07,HM07-0326-0107.mat,5.20779898733755,0,1,22,1,2,1,1242560,1247660,2,3
HM07,HM07-0326-0107.mat,2.3255639615622,1,1,23,1,1,1,1263000,1265200,2,4
HM07,HM07-0326-0107.mat,10.7362194154252,1,1,24,1,1,2,1288140,1290780,2,1
HM07,HM07-0326-0107.mat,4.77563089104286,1,1,25,1,1,1,1308520,1313200,2,4
HM07,HM07-0326-0107.mat,6.7077683081697,0,1,26,1,2,2,1333020,1335380,2,2
HM07,HM07-0326-0107.mat,7.35786162459752,1,1,27,1,1,2,1350780,1352440,2,1
HM07,HM07-0326-0107.mat,13.4186246428989,1,1,28,1,1,1,1378400,1383440,2,4
HM07,HM07-0326-0107.mat,11.6011597090472,1,1,29,1,1,2,1403880,1409560,2,1
HM07,HM07-0326-0107.mat,20.7764416466192,0,1,30,1,2,1,1434400,1455080,2,3
HM07,HM07-0326-0107.mat,49.5037672824945,1,1,31,1,1,1,1517060,1520060,2,4
HM07,HM07-0326-0107.mat,24.167611244724,1,1,32,1,1,1,1560960,1563060,2,4
HM07,HM07-0326-0107.mat,14.3158926764652,0,1,33,1,2,2,1583940,1590800,2,2
HM07,HM07-0326-0107.mat,15.2077196086151,0,1,34,1,2,2,1608920,1625020,2,2
HM07,HM07-0326-0107.mat,8.16484184614871,1,1,35,1,1,2,1640160,1642340,2,1
HM07,HM07-0326-0107.mat,2.38462820139804,1,1,36,1,1,1,1660640,1662920,2,4
HM07,HM07-0326-0107.mat,8.19052244473733,1,1,37,1,1,2,1689220,1690960,3,1
HM07,HM07-0326-0107.mat,13.0446839955957,1,1,38,1,1,2,1714300,1717920,3,1
HM07,HM07-0326-0107.mat,6.58184597954655,1,1,39,1,1,1,1735520,1742000,3,4
HM07,HM07-0326-0107.mat,10.8996983156771,1,1,40,1,1,2,1784960,1786680,3,1
HM07,HM07-0326-0107.mat,12.8555966126691,1,1,41,1,1,2,1805380,1812120,3,1
HM07,HM07-0326-0107.mat,9.06463640813467,1,1,42,1,1,1,1837160,1839260,3,4
HM07,HM07-0326-0107.mat,9.9207252818605,1,1,43,1,1,2,1858620,1861900,3,1
HM07,HM07-0326-0107.mat,9.09561492133932,1,1,44,1,1,2,1880640,1883640,3,1
HM07,HM07-0326-0107.mat,7.83260983333611,1,1,45,1,1,1,1917740,1924700,3,4
HM07,HM07-0326-0107.mat,8.67050970120619,0,2,1,2,1,2,1947480,1949540,1,1
HM07,HM07-0326-0107.mat,13.3627065757995,0,2,2,2,1,2,1963220,1971580,1,1
HM07,HM07-0326-0107.mat,10.1095428945129,0,2,3,2,1,2,1988480,1992240,1,1
HM07,HM07-0326-0107.mat,16.0899290645802,1,2,4,2,2,2,2006660,2016680,1,2
HM07,HM07-0326-0107.mat,6.01951561335313,0,2,5,2,1,1,2062840,2066240,1,4
HM07,HM07-0326-0107.mat,94.5833657262975,0,2,6,2,1,1,2169520,2176780,1,4
HM07,HM07-0326-0107.mat,3.21599749053236,1,2,7,2,2,1,2202400,2205420,2,3
HM07,HM07-0326-0107.mat,4.002778151182,0,2,8,2,1,1,2230380,2233960,2,4
HM07,HM07-0326-0107.mat,4.72355206319548,1,2,9,2,2,1,2255860,2258720,2,3
HM07,HM07-0326-0107.mat,8.45567627033249,0,2,10,2,1,2,2280360,2282520,2,1
HM07,HM07-0326-0107.mat,9.74401259038054,1,2,11,2,2,2,2301960,2305580,2,2
HM07,HM07-0326-0107.mat,11.7349426903121,1,2,12,2,2,1,2355560,2360640,2,3
HM07,HM07-0326-0107.mat,7.75154611367845,0,2,13,2,1,2,2380500,2382580,2,1
HM07,HM07-0326-0107.mat,8.64902698453479,1,2,14,2,2,2,2404160,2406000,2,2
HM07,HM07-0326-0107.mat,12.0749654950702,1,2,15,2,2,2,2435640,2439820,2,2
HM07,HM07-0326-0107.mat,9.21595328005872,1,2,16,2,2,1,2465740,2468000,3,3
HM07,HM07-0326-0107.mat,9.28908919504179,1,2,17,2,2,2,2489000,2492560,3,2
HM07,HM07-0326-0107.mat,9.62390339900903,1,2,18,2,2,2,2520260,2522780,3,2
HM07,HM07-0326-0107.mat,3.7479395258671,1,2,19,2,2,1,2545280,2548620,3,3
HM07,HM07-0326-0107.mat,9.76163577384428,1,2,20,2,2,2,2575440,2578500,3,2
HM07,HM07-0326-0107.mat,8.17905213760198,1,2,21,2,2,2,2602920,2605120,3,2
HM07,HM07-0326-0107.mat,14.7038963534142,1,2,22,2,2,1,2634240,2639600,3,3
HM07,HM07-0326-0107.mat,2.70698020186517,1,2,23,2,2,1,2662240,2664500,3,3
HM07,HM07-0326-0107.mat,8.15176218748436,1,3,1,2,2,2,2681800,2683580,2,2
HM07,HM07-0326-0107.mat,0.790939071753891,1,3,2,2,2,2,2711960,2713660,2,2
HM07,HM07-0326-0107.mat,6.88673612719174,1,3,3,2,2,2,2733040,2734740,2,2
HM07,HM07-0326-0107.mat,4.73714374334763,1,3,4,2,2,2,2752800,2754800,2,2
HM07,HM07-0326-0107.mat,2.00459637943978,0,3,5,1,2,1,2784160,2786100,2,3
HM07,HM07-0326-0107.mat,2.2547168162026,0,3,6,1,2,1,2798680,2800780,2,3
HM07,HM07-0326-0107.mat,4.24775053869639,0,3,7,1,2,1,2815120,2818920,2,3
HM07,HM07-0326-0107.mat,8.17408182713001,1,3,8,1,1,1,2835380,2840640,2,4
HM07,HM07-0326-0107.mat,3.78495259905574,0,3,9,1,2,1,2869940,2873380,2,3
HM07,HM07-0326-0107.mat,25.9950502404031,0,3,10,1,2,1,2911640,2937100,2,3
HM07,HM07-0326-0107.mat,3.28176416809863,1,3,11,1,1,1,2954220,2956960,2,4
HM07,HM07-0326-0107.mat,2.37889235414825,1,3,12,1,1,1,3015160,3017380,2,4
HM07,HM07-0326-0107.mat,8.06410201631604,1,3,13,2,2,2,3037520,3039420,3,2
HM07,HM07-0326-0107.mat,2.93691743781385,1,3,14,1,1,1,3057520,3060420,3,4
HM07,HM07-0326-0107.mat,8.48516474232996,1,3,15,2,2,2,3081560,3084140,3,2
HM07,HM07-0326-0107.mat,3.34441530605095,1,3,16,1,1,1,3126680,3129820,3,4
HM07,HM07-0326-0107.mat,7.93764855841578,1,3,17,2,2,2,3150700,3153160,3,2
HM07,HM07-0326-0107.mat,2.48765149163344,1,3,18,1,1,1,3171380,3173720,3,4
HM07,HM07-0326-0107.mat,7.02276874660082,1,3,19,1,1,1,3202320,3205040,3,4
HM07,HM07-0326-0107.mat,7.93215481823793,1,3,20,2,2,2,3223520,3225940,3,2
HM07,HM07-0330-0108.mat,45.4370257750121,0,1,1,1,2,2,662720,663080,2,2
HM07,HM07-0330-0108.mat,20.8710376059792,1,1,2,1,1,2,694000,698380,2,1
HM07,HM07-0330-0108.mat,4.06554030229726,1,1,3,1,1,1,723960,725680,2,4
HM07,HM07-0330-0108.mat,1.75203762900185,1,1,4,1,1,1,758200,759600,2,4
HM07,HM07-0330-0108.mat,0.578620749069919,0,1,5,1,2,2,779580,781560,2,2
HM07,HM07-0330-0108.mat,7.4907042401695,1,1,6,1,1,2,799880,801420,2,1
HM07,HM07-0330-0108.mat,1.54526752907025,1,1,7,1,1,1,856800,858160,2,4
HM07,HM07-0330-0108.mat,8.79593732336798,1,1,8,1,1,2,881860,883880,2,1
HM07,HM07-0330-0108.mat,8.49068724779366,1,1,9,1,1,2,902600,905120,2,1
HM07,HM07-0330-0108.mat,4.23697622595552,1,1,10,1,1,1,972680,974080,2,4
HM07,HM07-0330-0108.mat,1.53650039605612,1,1,11,1,1,1,994060,995360,2,4
HM07,HM07-0330-0108.mat,7.58458881500142,1,1,12,1,1,2,1014700,1016240,2,1
HM07,HM07-0330-0108.mat,9.93774909093942,0,1,13,1,2,2,1035180,1038720,2,2
HM07,HM07-0330-0108.mat,9.11890467092641,1,1,14,1,1,2,1053700,1055720,2,1
HM07,HM07-0330-0108.mat,7.3357348435962,1,1,15,1,1,2,1074220,1076060,2,1
HM07,HM07-0330-0108.mat,7.29997967434644,0,1,16,1,2,2,1094360,1096260,2,2
HM07,HM07-0330-0108.mat,7.41461539547221,1,1,17,1,1,2,1109300,1111420,2,1
HM07,HM07-0330-0108.mat,5.51203045227807,1,1,18,1,1,1,1132420,1134100,2,4
HM07,HM07-0330-0108.mat,1.9389508500025,1,1,19,1,1,1,1158580,1160320,2,4
HM07,HM07-0330-0108.mat,2.30372515773844,1,1,20,1,1,1,1216300,1217980,2,4
HM07,HM07-0330-0108.mat,1.69706578035068,0,3,1,2,1,2,1236500,1238820,1,1
HM07,HM07-0330-0108.mat,10.4817867262808,1,3,2,2,2,2,1254220,1258720,1,2
HM07,HM07-0330-0108.mat,2.14796711666472,1,3,3,1,1,1,1277660,1279460,1,4
HM07,HM07-0330-0108.mat,8.09605081363341,0,3,4,2,1,2,1299140,1301260,1,1
HM07,HM07-0330-0108.mat,7.60482124922841,0,3,5,2,1,2,1316540,1318260,1,1
HM07,HM07-0330-0108.mat,7.93739299811481,1,3,6,2,2,2,1332620,1334360,2,2
HM07,HM07-0330-0108.mat,2.05286973023473,1,3,7,1,1,1,1356260,1357920,2,4
HM07,HM07-0330-0108.mat,8.13698564121386,1,3,8,2,2,2,1378560,1380680,2,2
HM07,HM07-0330-0108.mat,6.33718177007391,0,3,9,2,1,2,1397780,1399360,2,1
HM07,HM07-0330-0108.mat,8.37179322533825,1,3,10,2,2,2,1424800,1427020,2,2
HM07,HM07-0330-0108.mat,6.02194817637343,0,3,11,1,2,1,1451160,1454060,2,3
HM07,HM07-0330-0108.mat,1.86887542750371,1,3,12,1,1,1,1468640,1470280,2,4
HM07,HM07-0330-0108.mat,1.81981635408151,1,3,13,1,1,1,1502940,1504580,2,4
HM07,HM07-0330-0108.mat,7.28844312807594,1,3,14,2,2,2,1522780,1524480,2,2
HM07,HM07-0330-0108.mat,7.14163917485528,0,3,15,2,1,2,1540780,1542600,2,1
HM07,HM07-0330-0108.mat,7.11001452228024,1,3,16,2,2,2,1558280,1559900,2,2
HM07,HM07-0330-0108.mat,3.42209990790944,1,3,17,1,1,1,1578100,1580820,3,4
HM07,HM07-0330-0108.mat,2.63077510985803,1,3,18,1,1,1,1605820,1607420,3,4
HM07,HM07-0330-0108.mat,4.8896442531823,1,3,19,1,1,1,1627900,1629480,3,4
HM07,HM07-0330-0108.mat,14.1765760788108,1,3,20,2,2,2,1668760,1676060,3,2
HM07,HM07-0330-0108.mat,2.25901792162293,1,3,21,1,1,1,1698460,1700360,3,4
HM07,HM07-0330-0108.mat,9.05703715954022,1,3,22,2,2,2,1721720,1723520,3,2
HM07,HM07-0330-0108.mat,7.76882801454764,1,3,23,2,2,2,1740240,1742500,3,2
HM07,HM07-0330-0108.mat,2.32762420046379,1,3,24,1,1,1,1761380,1763200,3,4
HM07,HM07-0330-0108.mat,98.8451963484093,1,1,1,1,1,1,1873160,1880000,1,4
HM07,HM07-0330-0108.mat,7.92186211307786,0,1,2,1,2,2,1900420,1902620,1,2
HM07,HM07-0330-0108.mat,14.4589808748603,0,1,3,1,2,2,1918820,1927280,1,2
HM07,HM07-0330-0108.mat,16.4768500418745,1,1,4,1,1,2,1941900,1952740,1,1
HM07,HM07-0330-0108.mat,7.88982865951519,0,1,5,1,2,2,1975100,1977160,1,2
HM07,HM07-0330-0108.mat,14.655624738326,1,1,6,1,1,2,2004820,2012160,2,1
HM07,HM07-0330-0108.mat,7.60912094025792,1,1,7,1,1,1,2036100,2037780,2,4
HM07,HM07-0330-0108.mat,14.6075799693031,1,1,8,1,1,2,2056800,2066000,2,1
HM07,HM07-0330-0108.mat,9.65104627650523,0,1,9,1,2,2,2088800,2092900,2,2
HM07,HM07-0330-0108.mat,28.8849711890025,1,1,10,1,1,2,2131040,2133980,2,1
HM07,HM07-0330-0108.mat,24.8896072714836,1,1,11,1,1,2,2158420,2173720,2,1
HM07,HM07-0330-0108.mat,8.41894171501977,1,1,12,1,1,1,2191940,2199300,2,4
HM07,HM07-0330-0108.mat,9.04415070485978,1,1,13,1,1,1,2258380,2261400,2,4
HM07,HM07-0330-0108.mat,23.8964276458518,1,1,14,1,1,1,2307820,2309420,2,4
HM07,HM07-0330-0108.mat,12.7548774972056,1,1,15,1,1,2,2333720,2336720,2,1
HM07,HM07-0330-0108.mat,2.87500197227273,1,1,16,1,1,1,2372500,2374520,2,4
HM07,HM07-0330-0108.mat,7.6847242314943,0,1,17,1,2,2,2396420,2398820,2,2
HM07,HM07-0330-0108.mat,45.4163398228258,0,1,18,1,2,2,2415700,2455460,2,2
HM07,HM07-0330-0108.mat,37.3274577214261,1,1,19,1,1,2,2497840,2499860,2,1
HM07,HM07-0330-0108.mat,12.5850924198795,0,1,20,1,2,2,2518500,2525720,2,2
HM07,HM07-0330-0108.mat,21.5389566940825,1,1,21,1,1,2,2555420,2560040,2,1
HM07,HM07-0330-0108.mat,8.05562353614388,1,1,22,1,1,2,2578600,2581100,3,1
HM07,HM07-0330-0108.mat,6.2408272604728,1,1,23,1,1,1,2603300,2604680,3,4
HM07,HM07-0330-0108.mat,13.9109178141839,1,1,24,1,1,2,2623020,2631540,3,1
HM07,HM07-0330-0108.mat,12.2476381578552,1,1,25,1,1,1,2659260,2660800,3,4
HM07,HM07-0330-0108.mat,8.07876952536661,1,1,26,1,1,2,2717580,2720280,3,1
HM07,HM07-0330-0108.mat,16.3907864476735,1,1,27,1,1,2,2742920,2753520,3,1
HM07,HM07-0330-0108.mat,17.4436514439199,1,1,28,1,1,2,2781520,2791460,3,1
HM07,HM07-0330-0108.mat,14.0178412916034,1,1,29,1,1,2,2850040,2855060,3,1
HM07,HM07-0330-0108.mat,8.53276475000417,1,1,30,1,1,1,2883060,2884580,3,4
HM07,HM07-0330-0108.mat,8.31577086868754,1,1,31,1,1,1,2908440,2910060,3,4
HM07,HM07-0330-0108.mat,15.7459436892945,1,1,32,1,1,2,2930220,2940020,3,1
HM07,HM07-0330-0108.mat,10.0640050926745,0,2,1,2,1,2,2971900,2973260,1,1
HM07,HM07-0330-0108.mat,5.60926822041674,0,2,2,2,1,2,3018140,3022100,1,1
HM07,HM07-0407-0108.mat,16.4730629398909,1,1,1,1,1,2,634280,640220,2,1
HM07,HM07-0407-0108.mat,9.2547901276255,0,1,2,1,2,2,662100,663460,2,2
HM07,HM07-0407-0108.mat,9.88614663352296,1,1,3,1,1,2,680540,682120,2,1
HM07,HM07-0407-0108.mat,2.97535348726247,1,1,4,1,1,1,710020,712840,2,4
HM07,HM07-0407-0108.mat,2.72069400910896,1,1,5,1,1,1,732680,735140,2,4
HM07,HM07-0407-0108.mat,7.76671742513472,0,1,6,1,2,1,757440,759720,2,3
HM07,HM07-0407-0108.mat,1.69995951285431,1,1,7,1,1,1,774780,776240,2,4
HM07,HM07-0407-0108.mat,10.6778694099198,1,1,8,1,1,2,800820,802900,2,1
HM07,HM07-0407-0108.mat,1.7070509651157,1,1,9,1,1,1,821020,822580,3,4
HM07,HM07-0407-0108.mat,9.38797656629018,1,1,10,1,1,2,880000,881320,3,1
HM07,HM07-0407-0108.mat,1.60769542149781,1,1,11,1,1,1,904080,905560,3,4
HM07,HM07-0407-0108.mat,7.62002705260173,1,1,12,1,1,2,923920,925920,3,1
HM07,HM07-0407-0108.mat,2.31974888140004,1,1,13,1,1,1,933640,935640,3,4
HM07,HM07-0407-0108.mat,6.31855137218265,1,1,14,1,1,1,958000,959500,3,4
HM07,HM07-0407-0108.mat,2.65657012395522,0,1,15,1,2,1,980780,983140,3,3
HM07,HM07-0407-0108.mat,1.8956580827814,1,1,16,1,1,1,1005040,1006660,3,4
HM07,HM07-0407-0108.mat,7.71246082581205,1,1,17,1,1,2,1028800,1030200,3,1
HM07,HM07-0407-0108.mat,1.71098563520795,0,2,1,2,1,1,1049180,1050820,1,4
HM07,HM07-0407-0108.mat,8.70450471363507,0,2,2,2,1,1,1072360,1073960,1,4
HM07,HM07-0407-0108.mat,1.62401073488931,0,2,3,2,1,1,1098660,1100240,1,4
HM07,HM07-0407-0108.mat,1.5549040680002,0,2,4,2,1,1,1114260,1115680,1,4
HM07,HM07-0407-0108.mat,4.08773902504129,0,2,5,2,1,1,1130620,1134600,1,4
HM07,HM07-0407-0108.mat,5.20071968502361,1,2,6,2,2,1,1156100,1161240,1,3
HM07,HM07-0407-0108.mat,2.53943906307869,0,2,7,2,1,1,1200640,1203100,1,4
HM07,HM07-0407-0108.mat,12.6407706261157,1,2,8,2,2,1,1228340,1230760,1,3
HM07,HM07-0407-0108.mat,1.95082117448825,0,2,9,2,1,1,1248180,1249960,1,4
HM07,HM07-0407-0108.mat,1.95959813917018,0,2,10,2,1,1,1272020,1273920,1,4
HM07,HM07-0407-0108.mat,2.10265120601925,1,2,11,2,2,1,1289160,1291100,2,3
HM07,HM07-0407-0108.mat,16.1655964508433,0,2,12,2,1,2,1318140,1320360,2,1
HM07,HM07-0407-0108.mat,10.1755876425151,0,2,13,2,1,2,1370100,1372800,2,1
HM07,HM07-0407-0108.mat,9.35982296091156,1,2,14,2,2,2,1392340,1395320,2,2
HM07,HM07-0407-0108.mat,2.02792783103385,0,2,15,2,1,1,1415020,1416860,2,4
HM07,HM07-0407-0108.mat,18.6857115750488,1,2,16,2,2,1,1448120,1450340,2,3
HM07,HM07-0407-0108.mat,9.75687736974692,1,2,17,2,2,2,1469820,1472700,2,2
HM07,HM07-0407-0108.mat,11.3175927011561,1,2,18,2,2,2,1491600,1496740,2,2
HM07,HM07-0407-0108.mat,9.70890074373134,0,2,19,2,1,2,1515280,1519440,2,1
HM07,HM07-0407-0108.mat,11.775582531823,1,2,20,2,2,2,1538960,1545400,2,2
HM07,HM07-0407-0108.mat,4.54296256852572,0,2,21,2,1,1,1564620,1569020,2,4
HM07,HM07-0407-0108.mat,2.19456419512521,1,2,22,2,2,1,1586360,1588420,2,3
HM07,HM07-0407-0108.mat,2.53700860813133,0,2,23,2,1,2,1615420,1623420,2,1
HM07,HM07-0407-0108.mat,6.88638773360471,1,2,24,2,2,2,1639100,1640360,2,2
HM07,HM07-0407-0108.mat,2.41503635474884,1,2,25,2,2,1,1658180,1660420,2,3
HM07,HM07-0407-0108.mat,19.2005421541182,1,2,26,2,2,1,1697680,1699660,3,3
HM07,HM07-0407-0108.mat,10.8758204137402,1,2,27,2,2,2,1718880,1723880,3,2
HM07,HM07-0407-0108.mat,20.4795592933051,1,2,28,2,2,2,1755040,1756720,3,2
HM07,HM07-0407-0108.mat,29.9740218247944,1,2,29,2,2,2,1827660,1830240,3,2
HM07,HM07-0407-0108.mat,7.97562072971756,1,2,30,2,2,2,1847680,1850400,3,2
HM07,HM07-0407-0108.mat,8.09567293104887,1,2,31,2,2,2,1869860,1871320,3,2
HM07,HM07-0407-0108.mat,12.5582954855608,1,2,32,2,2,1,1943120,1945800,3,3
HM07,HM07-0407-0108.mat,16.2437017303682,1,2,33,2,2,1,1984920,1987080,3,3
HM07,HM07-0407-0108.mat,6.15683372783237,1,2,34,2,2,1,2007740,2010800,3,3
HM07,HM07-0407-0108.mat,8.16367895263676,1,3,1,2,2,2,2029200,2031620,1,2
HM07,HM07-0407-0108.mat,3.11984238901587,0,3,2,1,2,1,2050380,2053140,1,3
HM07,HM07-0407-0108.mat,5.23956685373951,0,3,3,1,2,1,2066860,2071920,1,3
HM07,HM07-0407-0108.mat,3.35198442001301,0,3,4,1,2,1,2086120,2089300,1,3
HM07,HM07-0407-0108.mat,2.10170038404431,0,3,5,1,2,1,2103400,2105280,1,3
HM07,HM07-0407-0108.mat,5.35082219882885,0,3,6,1,2,1,2118440,2123560,1,3
HM07,HM07-0407-0108.mat,19.056063123071,1,3,7,1,1,1,2136400,2155340,1,4
HM07,HM07-0407-0108.mat,7.26495762499791,1,3,8,2,2,2,2175120,2176640,1,2
HM07,HM07-0407-0108.mat,2.1791914365793,0,3,9,1,2,1,2230640,2232720,1,3
HM07,HM07-0407-0108.mat,6.02003673679118,0,3,10,1,2,1,2244800,2250700,1,3
HM07,HM07-0407-0108.mat,13.1160229225405,1,3,11,1,1,1,2288260,2297740,1,4
HM07,HM07-0407-0108.mat,4.89771606146044,1,3,12,1,1,1,2317680,2322160,1,4
HM07,HM07-0407-0108.mat,5.13609948082281,0,3,13,1,2,1,2342660,2344700,1,3
HM07,HM07-0407-0108.mat,15.9458013940375,1,3,14,1,1,1,2412280,2428060,2,4
HM07,HM07-0407-0108.mat,3.09228888473666,0,3,15,2,1,2,2422160,2437940,2,1
HM07,HM07-0407-0108.mat,8.01063440383043,1,3,16,2,2,2,2447460,2449380,2,2
HM07,HM07-0407-0108.mat,6.9607596279675,1,3,17,1,1,1,2468380,2475040,2,4
HM07,HM07-0407-0108.mat,7.65563829031881,1,3,18,2,2,2,2496200,2498180,2,2
HM07,HM07-0407-0108.mat,8.73676966183414,1,3,19,2,2,2,2519080,2521780,3,2
HM07,HM07-0407-0108.mat,7.49742220917235,1,3,20,2,2,2,2542000,2543920,3,2
HM07,HM07-0407-0108.mat,2.82196664086352,1,3,21,1,1,1,2562300,2564960,3,4
HM07,HM07-0407-0108.mat,7.53711309654494,1,3,22,2,2,2,2585380,2587400,3,2
HM07,HM07-0407-0108.mat,3.43861307986186,1,3,23,1,1,1,2607660,2610260,3,4
HM07,HM07-0407-0108.mat,3.52862455414491,0,3,24,1,2,1,2643980,2646760,3,3
HM07,HM07-0407-0108.mat,2.26799080796116,1,3,25,1,1,1,2667740,2669820,3,4
HM07,HM07-0407-0108.mat,7.84582370597754,1,3,26,2,2,2,2689180,2691120,3,2
HM07,HM07-0407-0108.mat,8.5598101276255,1,3,27,2,2,2,2712580,2715220,3,2
HM07,HM07-0407-0108.mat,5.42247686525083,1,3,28,1,1,1,2735800,2739380,3,4
HM07,HM07-0407-0108.mat,14.3428193353464,1,4,1,1,1,2,2763120,2771220,1,1
HM07,HM07-0407-0108.mat,8.11182401594902,0,4,2,1,2,2,2793000,2795180,1,2
HM07,HM07-0407-0108.mat,12.1422673211992,0,4,3,1,2,2,2828080,2830800,1,2
HM07,HM07-0407-0108.mat,14.093591096912,1,4,4,1,1,2,2848180,2857420,2,1
HM07,HM07-0407-0108.mat,2.61998282444404,0,4,5,2,1,1,2876700,2878840,2,4
HM07,HM07-0407-0108.mat,16.9809128726581,0,4,6,2,1,1,2897360,2914040,2,4
HM07,HM07-0407-0108.mat,11.6882017343721,1,4,7,2,2,1,2967220,2973140,2,3
HM07,HM07-0407-0108.mat,12.5998128469662,1,4,8,1,1,2,3000320,3003560,2,1
HM07,HM07-0407-0108.mat,21.1277832235031,1,4,9,2,2,1,3042020,3044840,2,3
HM07,HM07-0407-0108.mat,3.14383781752056,0,4,10,2,1,1,3065060,3067960,2,4
HM07,HM07-0407-0108.mat,11.4296823776714,0,4,11,2,1,1,3177340,3179740,2,4
HM07,HM07-0407-0108.mat,2.50784130494987,1,4,12,2,2,1,3206360,3208740,2,3
HM07,HM07-0407-0108.mat,15.6150081740378,1,4,13,1,1,2,3239660,3242080,2,1
HM07,HM07-0407-0108.mat,17.787465395639,0,4,14,1,2,2,3272020,3273620,2,2
HM07,HM07-0407-0108.mat,30.1434610730552,1,4,15,1,1,2,3312260,3315200,2,1
HM07,HM07-0407-0108.mat,13.0328109384228,0,4,16,1,2,2,3341320,3342660,2,2
HM07,HM07-0407-0108.mat,14.3759532510302,1,4,17,1,1,2,3357800,3365960,2,1
HM07,HM07-0407-0108.mat,12.781891947415,0,4,18,1,2,2,3387420,3394280,2,2
HM07,HM07-0407-0108.mat,41.439706418645,1,4,19,1,1,2,3412000,3446560,2,1
HM07,HM07-0407-0108.mat,46.4645318249612,1,4,20,1,1,2,3466680,3507000,2,1
HM07,HM07-0407-0108.mat,18.0179509347525,0,4,21,2,1,1,3562180,3563980,2,4
HM07,HM07-0407-0108.mat,38.5029928092624,0,4,22,2,1,1,3615200,3620300,1,4
HM07,HM07-0407-0108.mat,7.6987910118283,1,4,23,2,2,1,3634080,3641300,1,3
HM07,HM07-0407-0108.mat,6.09591662401361,0,4,24,2,1,1,3658220,3664100,1,4
HM07,HM07-0407-0108.mat,5.64776980330659,0,4,25,2,1,1,3678700,3684140,1,4
HM07,HM07-0528-0107.mat,23.6761808934816,0,1,1,1,2,1,646200,659840,2,3
HM07,HM07-0528-0107.mat,7.62737990850973,1,1,2,1,1,1,698240,703060,2,4
HM07,HM07-0528-0107.mat,7.02303576428743,1,1,3,1,1,2,725280,728440,2,1
HM07,HM07-0528-0107.mat,4.86400170635027,1,1,4,1,1,2,750320,753120,2,1
HM07,HM07-0528-0107.mat,10.6481591496944,0,1,5,1,2,2,776440,781660,2,2
HM07,HM07-0528-0107.mat,17.2956575748071,0,1,6,1,2,2,798240,808460,2,2
HM07,HM07-0528-0107.mat,9.36689012125297,1,1,7,1,1,2,824120,826700,2,1
HM07,HM07-0528-0107.mat,3.21262577376345,1,1,8,1,1,1,859380,862100,2,4
HM07,HM07-0528-0107.mat,6.56168300890212,1,1,9,1,1,2,884540,887420,2,1
HM07,HM07-0528-0107.mat,6.80095944298374,1,1,10,1,1,2,961140,962920,3,1
HM07,HM07-0528-0107.mat,7.25336520366762,1,1,11,1,1,2,987560,989280,3,1
HM07,HM07-0528-0107.mat,2.68968220677735,1,1,12,1,1,1,1018980,1020820,3,4
HM07,HM07-0528-0107.mat,8.50552716713824,1,1,13,1,1,2,1052280,1054020,3,1
HM07,HM07-0528-0107.mat,5.63601029449056,1,1,14,1,1,1,1072900,1078080,3,4
HM07,HM07-0528-0107.mat,4.10436551163815,1,1,15,1,1,1,1103000,1106780,3,4
HM07,HM07-0528-0107.mat,8.98354607846408,1,1,16,1,1,1,1133580,1135140,3,4
HM07,HM07-0528-0107.mat,7.88320231394976,0,3,1,2,1,2,1183500,1185180,1,1
HM07,HM07-0528-0107.mat,14.1849957734965,0,3,2,2,1,2,1202140,1209980,1,1
HM07,HM07-0528-0107.mat,10.5440141162614,0,3,3,2,1,2,1226800,1230020,1,1
HM07,HM07-0528-0107.mat,11.2072068053813,0,3,4,2,1,2,1287360,1290620,1,1
HM07,HM07-0528-0107.mat,17.7743861433281,0,3,5,2,1,2,1306920,1318640,1,1
HM07,HM07-0528-0107.mat,13.7855476573553,1,3,6,2,2,2,1339000,1346260,1,2
HM07,HM07-0528-0107.mat,12.7029679890826,1,3,7,2,2,2,1365020,1371260,2,2
HM07,HM07-0528-0107.mat,21.7366246029416,1,3,8,2,2,2,1396760,1407280,2,2
HM07,HM07-0528-0107.mat,9.59663730714305,1,3,9,1,1,1,1435240,1437500,2,4
HM07,HM07-0528-0107.mat,8.71388686370552,1,3,10,2,2,2,1457720,1460480,3,2
HM07,HM07-0528-0107.mat,8.56580499025705,1,3,11,2,2,2,1480860,1483400,3,2
HM07,HM07-0528-0107.mat,9.00881783426314,1,3,12,2,2,2,1504520,1507160,3,2
HM07,HM07-0528-0107.mat,5.83975828083709,1,3,13,1,1,1,1528440,1533540,2,4
HM07,HM07-0528-0107.mat,8.25015698389077,0,3,14,2,1,2,1573040,1575580,2,1
HM07,HM07-0528-0107.mat,7.29798993239997,1,3,15,2,2,2,1593940,1596540,2,2
HM07,HM07-0528-0107.mat,5.13419446053439,1,3,16,1,1,1,1618080,1620120,3,4
HM07,HM07-0528-0107.mat,10.5508878983931,1,3,17,2,2,2,1641460,1646040,3,2
HM07,HM07-0528-0107.mat,11.5628520166564,1,3,18,2,2,2,1663640,1669660,3,2
HM07,HM07-0528-0107.mat,10.6551159997865,1,3,19,2,2,2,1693420,1698500,3,2
HM07,HM07-0528-0107.mat,14.5760322391426,1,1,1,1,1,2,1716120,1724940,1,1
HM07,HM07-0528-0107.mat,12.0961800006006,1,1,2,1,1,2,1801380,1807560,1,1
HM07,HM07-0528-0107.mat,9.45567445279342,0,1,3,1,2,2,1826340,1829740,1,2
HM07,HM07-0528-0107.mat,10.2389514911379,1,1,4,1,1,2,1842940,1847380,2,1
HM07,HM07-0528-0107.mat,9.11408872954649,1,1,5,1,1,2,1899600,1902740,2,1
HM07,HM07-0528-0107.mat,5.03889243520273,1,1,6,1,1,1,1921680,1926400,2,4
HM07,HM07-0528-0107.mat,7.48885910565091,1,1,7,1,1,1,1951060,1953380,2,4
HM07,HM07-0528-0107.mat,4.23983288978459,1,1,8,1,1,1,1981820,1985700,2,4
HM07,HM07-0528-0107.mat,64.0565776219203,0,1,9,1,2,2,2036720,2064900,2,2
HM07,HM07-0528-0107.mat,38.4239898279636,1,1,10,1,1,2,2086580,2118960,2,1
HM07,HM07-0528-0107.mat,12.0708232279182,1,1,11,1,1,1,2147600,2150360,2,4
HM07,HM07-0528-0107.mat,55.3637144325735,0,1,12,1,2,2,2172820,2222200,2,2
HM07,HM07-0528-0107.mat,274.734914303112,1,1,13,1,1,2,2388920,2411960,2,1
HM07,HM07-0528-0107.mat,41.5755084623495,0,1,14,1,2,2,2464540,2467600,2,2
HM07,HM07-0528-0107.mat,16.4832406641219,1,1,15,1,1,2,2494720,2503720,2,1
HM07,HM07-0528-0107.mat,8.47972403104396,1,1,16,1,1,1,2532360,2534100,3,4
HM07,HM07-0528-0107.mat,4.15081448329018,1,1,17,1,1,1,2560180,2562040,3,4
HM07,HM07-0528-0107.mat,3.21656930671596,1,1,18,1,1,1,2584680,2586840,3,4
HM07,HM07-0528-0107.mat,3.03897559892427,1,1,19,1,1,2,2587100,2597600,3,1
HM07,HM07-0528-0107.mat,11.424083178069,1,1,20,1,1,2,2617120,2621900,3,1
HM07,HM07-0528-0107.mat,27.431757829058,1,1,21,1,1,2,2646940,2669420,3,1
HM07,HM07-0528-0107.mat,14.3287147952647,1,1,22,1,1,2,2695640,2704440,3,1
HM07,HM07-0528-0107.mat,51.0395015338467,1,1,23,1,1,1,2778920,2780600,3,4
HM07,HM07-0528-0107.mat,9.88119005885807,1,1,24,1,1,1,2806260,2808400,3,4
HM07,HM07-0528-0107.mat,4.18512896524571,0,2,1,2,1,1,2842440,2844100,1,4
HM07,HM07-0528-0107.mat,5.65766166017137,0,2,2,2,1,1,2864260,2866360,1,4
HM07,HM07-0528-0107.mat,13.8221097909938,0,2,3,2,1,1,2890240,2892140,1,4
HM07,HM07-0528-0107.mat,16.3436061644156,0,2,4,2,1,1,2954300,2968620,1,4
HM07,HM07-0528-0107.mat,34.0165531421002,0,2,5,2,1,1,2997320,3024680,1,4
HM07,HM07-0603-0107.mat,18.9570410813967,0,3,1,1,2,1,596960,610980,2,3
HM07,HM07-0603-0107.mat,7.67194644767355,1,3,2,1,1,1,631680,634720,2,4
HM07,HM07-0603-0107.mat,9.91567003286565,1,3,3,1,1,1,665120,666620,2,4
HM07,HM07-0603-0107.mat,3.16861451527335,1,3,4,1,1,1,699800,701380,2,4
HM07,HM07-0603-0107.mat,8.66173326504396,1,3,5,2,2,2,723980,726080,2,2
HM07,HM07-0603-0107.mat,10.9657205565473,0,3,6,2,1,2,754000,756140,2,1
HM07,HM07-0603-0107.mat,7.26295274553311,1,3,7,2,2,2,771160,772860,2,2
HM07,HM07-0603-0107.mat,1.86348899184198,1,3,8,1,1,1,796960,798620,3,4
HM07,HM07-0603-0107.mat,2.30389856025091,1,3,9,1,1,1,827020,828740,3,4
HM07,HM07-0603-0107.mat,2.1835704806393,1,3,10,1,1,1,863840,865340,3,4
HM07,HM07-0603-0107.mat,8.48090486445004,1,3,11,2,2,2,887140,888900,3,2
HM07,HM07-0603-0107.mat,1.78365706845064,1,3,12,1,1,1,907360,908980,3,4
HM07,HM07-0603-0107.mat,4.26567255200948,1,3,13,2,2,2,928020,929680,3,2
HM07,HM07-0603-0107.mat,1.719773050166,1,3,14,1,1,1,949120,950740,3,4
HM07,HM07-0603-0107.mat,1.97596159890559,1,3,15,1,1,1,972600,974140,3,4
HM07,HM07-0603-0107.mat,7.97662899517859,0,1,1,1,2,2,992060,993960,2,2
HM07,HM07-0603-0107.mat,0.440812870989807,1,1,2,1,1,2,1011880,1016920,2,1
HM07,HM07-0603-0107.mat,11.656298383744,1,1,3,1,1,1,1051960,1063040,2,4
HM07,HM07-0603-0107.mat,2.58999500041708,1,1,4,1,1,1,1081440,1083100,2,4
HM07,HM07-0603-0107.mat,1.93913566974191,1,1,5,1,1,1,1127040,1128420,2,4
HM07,HM07-0603-0107.mat,6.71100834720809,1,1,6,1,1,2,1148720,1150460,2,1
HM07,HM07-0603-0107.mat,6.09366603093041,1,1,7,1,1,2,1172160,1173720,2,1
HM07,HM07-0603-0107.mat,2.39201878380407,1,1,8,1,1,1,1194460,1195980,2,4
HM07,HM07-0603-0107.mat,9.00574357084467,0,1,9,1,2,2,1220080,1222580,2,2
HM07,HM07-0603-0107.mat,7.25483156270333,1,1,10,1,1,2,1234720,1236340,2,1
HM07,HM07-0603-0107.mat,2.57456559717055,1,1,11,1,1,1,1255880,1257500,2,4
HM07,HM07-0603-0107.mat,3.51884958509201,1,1,12,1,1,1,1273980,1276680,2,4
HM07,HM07-0603-0107.mat,10.1507677022405,0,1,13,1,2,2,1295800,1299900,2,2
HM07,HM07-0603-0107.mat,7.70099600507165,1,1,14,1,1,2,1315560,1317440,2,1
HM07,HM07-0603-0107.mat,2.31870424117048,1,1,15,1,1,1,1343940,1345360,2,4
HM07,HM07-0603-0107.mat,7.84075049632138,1,1,16,1,1,1,1368160,1369820,2,4
HM07,HM07-0603-0107.mat,9.61606378205235,1,2,1,2,2,2,1394020,1397080,1,2
HM07,HM07-0603-0107.mat,2.4164693368479,0,2,2,2,1,1,1421960,1423460,1,4
HM07,HM07-0603-0107.mat,2.81700622812432,0,2,3,2,1,1,1438700,1440300,1,4
HM07,HM07-0603-0107.mat,2.70499369146327,0,2,4,2,1,1,1458420,1459900,1,4
HM07,HM07-0603-0107.mat,2.44175766570461,0,2,5,2,1,1,1475780,1477460,1,4
HM07,HM07-0603-0107.mat,6.50349519661,1,2,6,2,2,1,1494760,1500220,2,3
HM07,HM07-0603-0107.mat,2.3366615451861,0,2,7,2,1,1,1519560,1521300,2,4
HM07,HM07-0603-0107.mat,7.37461899968302,1,2,8,2,2,1,1550800,1557900,2,3
HM07,HM07-0603-0107.mat,5.1199509184031,1,2,9,2,2,1,1584880,1589100,2,3
HM07,HM07-0603-0107.mat,9.11783429539047,0,2,10,2,1,2,1608260,1611860,2,1
HM07,HM07-0603-0107.mat,8.42698240669992,1,2,11,2,2,2,1629980,1631980,2,2
HM07,HM07-0603-0107.mat,5.83681093775546,1,2,12,2,2,1,1655240,1659780,2,3
HM07,HM07-0603-0107.mat,3.71323198178209,1,2,13,2,2,1,1709080,1711240,2,3
HM07,HM07-0603-0107.mat,7.18307645050967,1,2,14,2,2,2,1728720,1730700,2,2
HM07,HM07-0603-0107.mat,4.95392432191655,1,2,15,2,2,1,1752400,1756320,2,3
HM07,HM07-0603-0107.mat,9.82595663469078,1,2,16,2,2,2,1777480,1779440,2,2
HM07,HM07-0603-0107.mat,15.0215682337632,0,2,17,2,1,1,1809400,1813020,2,4
HM07,HM07-0603-0107.mat,2.64872933284396,1,2,18,2,2,1,1827640,1829720,2,3
HM07,HM07-0603-0107.mat,3.41171095810881,1,2,19,2,2,1,1859760,1862100,2,3
HM07,HM07-0603-0107.mat,7.51788316511236,1,2,20,2,2,2,1880380,1882380,2,2
HM07,HM07-0603-0107.mat,7.76888897749454,1,2,21,2,2,2,1901460,1903440,2,2
HM07,HM07-0603-0107.mat,12.1835305517092,1,2,22,2,2,2,1922700,1929400,2,2
HM07,HM07-0603-0107.mat,5.20558543567842,0,3,1,1,2,1,1950480,1953880,2,3
HM07,HM07-0603-0107.mat,26.3123602529154,1,3,2,1,1,1,1989860,1999580,2,4
HM07,HM07-0603-0107.mat,9.97445697102151,1,3,3,2,2,2,2022400,2024900,2,2
HM07,HM07-0603-0107.mat,19.425075810547,1,3,4,2,2,2,2054300,2059880,2,2
HM07,HM07-0603-0107.mat,4.06986024524115,0,3,5,1,2,1,2085240,2089020,2,3
HM07,HM07-0603-0107.mat,5.28176039905908,1,3,6,1,1,1,2108400,2113440,2,4
HM07,HM07-0603-0107.mat,24.8377451967768,0,3,7,1,2,1,2164580,2167440,2,3
HM07,HM07-0603-0107.mat,3.69900144141739,1,3,8,1,1,1,2184060,2186080,2,4
HM07,HM07-0603-0107.mat,23.9720099344355,1,3,9,2,2,2,2207280,2225120,2,2
HM07,HM07-0603-0107.mat,13.0625521959927,1,3,10,2,2,2,2279980,2286720,3,2
HM07,HM07-0603-0107.mat,7.9938822208505,1,3,11,2,2,2,2306380,2308920,3,2
HM07,HM07-0603-0107.mat,3.69069117765803,1,3,12,1,1,1,2328880,2330560,3,4
HM07,HM07-0603-0107.mat,12.3977564371632,1,3,13,2,2,2,2355220,2357120,3,2
HM07,HM07-0603-0107.mat,13.7510538235932,1,3,14,2,2,2,2381680,2383700,3,2
HM07,HM07-0603-0107.mat,7.89465383427037,1,3,15,2,2,2,2401680,2404020,3,2
HM07,HM07-0603-0107.mat,7.78204566490382,1,3,16,2,2,2,2424320,2426640,3,2
HM07,HM07-0603-0107.mat,3.67279655427837,0,4,1,2,1,1,2448700,2450480,1,4
HM07,HM07-0603-0107.mat,5.82397953320765,0,4,2,2,1,1,2465980,2470680,1,4
HM07,HM07-0603-0107.mat,3.54400621944912,1,4,3,2,2,1,2488340,2491080,1,3
HM07,HM07-0603-0107.mat,5.29499569176357,1,4,4,2,2,1,2510180,2514120,2,3
HM07,HM07-0603-0107.mat,9.05470501826796,0,4,5,1,2,2,2533340,2535300,2,2
HM07,HM07-0603-0107.mat,13.1355620259922,0,4,6,1,2,2,2547980,2555840,2,2
HM07,HM07-0603-0107.mat,23.8387744935854,1,4,7,1,1,2,2568760,2586840,2,1
HM07,HM07-0603-0107.mat,7.81750896214611,0,4,8,2,1,1,2609340,2615420,2,4
HM07,HM07-0603-0107.mat,5.03783927628835,1,4,9,2,2,1,2634740,2637600,2,3
HM07,HM07-0603-0107.mat,5.61506452011144,1,4,10,2,2,1,2660380,2663200,2,3
HM07,HM07-0603-0107.mat,5.86086901986954,0,4,11,2,1,1,2691420,2696280,2,4
HM07,HM07-0603-0107.mat,3.83579455564639,1,4,12,2,2,1,2717060,2720580,2,3
HM07,HM07-0603-0107.mat,8.88759708246442,0,4,13,1,2,2,2741480,2744700,1,2
HM07,HM07-0603-0107.mat,10.3188986780334,0,4,14,1,2,2,2759940,2764660,1,2
HM07,HM07-0603-0107.mat,13.3978989556397,1,4,15,1,1,2,2777860,2785680,1,1
HM07,HM07-0603-0107.mat,4.16764074306401,0,4,16,2,1,1,2806980,2809120,1,4
HM07,HM07-0603-0107.mat,8.85503796800187,0,4,17,2,1,1,2855200,2862800,1,4
HM07,HM07-0603-0107.mat,3.93454828648171,0,4,18,2,1,1,2884820,2887960,1,4
HM07,HM07-0603-0107.mat,4.65398062628251,1,4,19,2,2,1,2904140,2908260,1,3
HM07,HM07-0603-0107.mat,18.8936059325003,0,4,20,1,2,2,2927740,2941260,1,2
HM07,HM07-0603-0107.mat,14.0566690222052,0,4,21,1,2,2,2993560,2999440,1,2
HM07,HM07-0603-0107.mat,8.9431212372166,1,4,22,1,1,2,3014040,3017140,2,1
HM07,HM07-0603-0107.mat,4.57489714986403,0,4,23,2,1,1,3038280,3041820,2,4
HM07,HM07-0603-0107.mat,9.69598039472148,1,4,24,2,2,1,3061440,3069740,2,3
