Trial,Correct,Strategy,Start zone
1,0,3,1
2,1,3,1
3,1,3,1
4,0,3,2
5,1,3,2
6,1,3,1
7,1,3,1
8,1,3,1
9,1,3,2
10,1,3,2
11,1,3,1
12,1,3,1
13,1,3,2
14,1,3,1
15,1,3,1
16,0,1,2
17,1,1,2
18,1,1,2
19,1,1,2
20,0,1,2
21,0,1,2
22,1,1,2
23,0,1,1
24,1,1,1
25,1,1,2
26,1,1,2
27,0,1,2
28,1,1,2
29,1,1,1
30,1,1,1
31,1,1,1
32,0,1,2
33,1,1,2
34,1,1,1
35,1,1,2
36,1,1,1
37,1,1,2
38,1,1,2
39,0,2,2
40,0,2,2
41,0,2,2
42,0,2,2
43,0,2,2
44,0,4,1
45,0,4,1
46,1,4,1
47,0,4,1
48,0,4,1
49,1,4,1
50,1,4,2
51,0,4,1
52,0,4,1
53,1,4,1
54,0,4,1
55,1,4,1
56,0,4,1
57,0,4,1
58,0,4,1
59,1,4,1
60,0,4,2
61,1,4,2
62,0,4,2
63,1,4,2
64,0,4,1
65,1,4,1
66,0,4,1
67,1,4,1
68,0,4,2
69,1,4,2
70,0,4,1
71,1,4,1
72,0,4,1
73,0,4,1
74,1,4,1
75,1,4,2
76,0,4,2
77,1,4,2
78,0,4,2
79,1,4,2
80,1,4,2
81,0,4,1
82,1,4,1
83,1,4,2
84,1,4,2
85,1,4,2
86,0,4,1
87,0,4,1
88,0,4,1
89,1,4,1
90,1,4,1
91,0,4,1
92,1,4,1
93,1,4,2
94,0,4,1
95,1,4,1
96,1,4,2
97,0,4,1
98,1,4,1
99,1,4,2
100,0,4,2
101,1,4,2
102,1,4,2
103,0,4,1
104,1,4,1
105,0,4,1
106,1,4,1
107,1,4,2
108,0,4,1
109,0,4,1
110,1,4,1
111,1,4,2
112,1,4,2
113,1,4,2
114,0,4,1
115,1,4,1
116,1,4,2
117,0,4,1
118,1,4,1
119,1,4,2
120,1,4,2
121,0,4,2
122,1,4,2
123,1,4,1
124,1,4,2
125,1,4,1
126,1,4,2
127,1,4,2
128,0,4,1
129,1,4,1
130,0,4,1
131,0,4,1
132,0,4,1
133,1,4,1
134,1,4,1
135,1,4,2
136,1,4,1
137,1,4,1
138,0,4,2
139,1,1,1
140,0,1,1
141,0,1,1
142,1,1,1
143,1,1,2
144,1,1,1
145,1,1,1
146,1,1,1
147,1,1,2
148,1,1,2
149,1,1,1
150,1,1,1
151,1,1,2
152,1,1,1
153,1,1,1
154,0,2,2
155,0,2,2
156,0,2,2
157,0,2,2
158,0,2,2
159,1,2,2
160,0,2,2
161,1,2,2
162,0,2,2
163,0,2,2
164,1,2,2
165,0,2,2
166,1,2,2
167,0,2,1
168,1,2,1
169,1,2,2
170,1,2,2
171,0,2,2
172,0,2,2
173,1,2,2
174,1,2,1
175,0,2,1
176,1,2,1
177,1,2,1
178,0,2,2
179,1,2,2
180,1,2,1
181,1,2,2
182,1,2,1
183,1,2,2
184,1,2,2
185,0,2,2
186,1,2,2
187,1,2,1
188,1,2,1
189,1,2,2
190,1,2,1
191,1,3,2
192,0,3,2
193,1,3,2
194,0,4,1
195,0,4,1
196,1,4,1
197,0,4,1
198,0,4,1
199,1,4,1
200,1,4,2
201,0,4,1
202,0,4,1
203,1,4,1
204,0,4,1
205,1,4,1
206,0,4,1
207,0,4,1
208,0,4,1
209,1,4,1
210,0,4,2
211,1,4,2
212,0,4,2
213,1,4,2
214,0,4,1
215,1,4,1
216,0,4,1
217,1,4,1
218,0,4,2
219,1,4,2
220,0,4,1
221,1,4,1
222,0,4,1
223,0,4,1
224,1,4,1
225,1,4,2
226,0,4,2
227,1,4,2
228,0,4,2
229,1,4,2
230,1,4,2
231,0,4,1
232,1,4,1
233,1,4,2
234,1,4,2
235,1,4,2
236,0,4,1
237,0,4,1
238,0,4,1
239,1,4,1
240,1,4,1
241,0,4,1
242,1,4,1
243,1,4,2
244,0,4,1
245,1,4,1
246,1,4,2
247,0,4,1
248,1,4,1
249,1,4,2
250,0,4,2
251,1,4,2
252,1,4,2
253,0,4,1
254,1,4,1
255,0,4,1
256,1,4,1
257,1,4,2
258,0,4,1
259,0,4,1
260,1,4,1
261,1,4,2
262,1,4,2
263,1,4,2
264,0,4,1
265,1,4,1
266,1,4,2
267,0,4,1
268,1,4,1
269,1,4,2
270,1,4,2
271,0,4,2
272,1,4,2
273,1,4,1
274,1,4,2
275,1,4,1
276,1,4,2
277,1,4,2
278,0,4,1
279,1,4,1
280,0,4,1
281,0,4,1
282,0,4,1
283,1,4,1
284,1,4,1
285,1,4,2
286,1,4,1
287,1,4,1
288,0,4,2
289,1,1,1
290,0,1,1
291,0,1,1
292,1,1,1
293,1,1,2
294,1,1,1
295,1,1,1
296,1,1,1
297,1,1,2
298,1,1,2
299,1,1,1
300,1,1,1
301,1,1,2
302,1,1,1
303,1,1,1
304,0,2,2
305,0,2,2
306,0,2,2
307,0,2,2
308,0,2,2
309,1,2,2
310,0,2,2
311,1,2,2
312,0,2,2
313,0,2,2
314,1,2,2
315,0,2,2
316,1,2,2
317,0,2,1
318,1,2,1
319,1,2,2
320,1,2,2
321,0,2,2
322,0,2,2
323,1,2,2
324,1,2,1
325,0,2,1
326,1,2,1
327,1,2,1
328,0,2,2
329,1,2,2
330,1,2,1
331,1,2,2
332,1,2,1
333,1,2,2
334,1,2,2
335,0,2,2
336,1,2,2
337,1,2,1
338,1,2,1
339,1,2,2
340,1,2,1
341,1,3,2
342,0,3,2
343,1,3,2
344,0,4,1
345,0,4,1
346,1,4,1
347,0,4,1
348,0,4,1
349,1,4,1
350,1,4,2
351,0,4,1
352,0,4,1
353,1,4,1
354,0,4,1
355,1,4,1
356,0,4,1
357,0,4,1
358,0,4,1
359,1,4,1
360,0,4,2
361,1,4,2
362,0,4,2
363,1,4,2
364,0,4,1
365,1,4,1
366,0,4,1
367,1,4,1
368,0,4,2
369,1,4,2
370,0,4,1
371,1,4,1
372,0,4,1
373,0,4,1
374,1,4,1
375,1,4,2
376,0,4,2
377,1,4,2
378,0,4,2
379,1,4,2
380,1,4,2
381,0,4,1
382,1,4,1
383,1,4,2
384,1,4,2
385,1,4,2
386,0,4,1
387,0,4,1
388,0,4,1
389,1,4,1
390,1,4,1
391,0,4,1
392,1,4,1
393,1,4,2
394,0,4,1
395,1,4,1
396,1,4,2
397,0,4,1
398,1,4,1
399,1,4,2
400,0,4,2
401,1,4,2
402,1,4,2
403,0,4,1
404,1,4,1
405,0,4,1
406,1,4,1
407,1,4,2
408,0,4,1
409,0,4,1
410,1,4,1
411,1,4,2
412,1,4,2
413,1,4,2
414,0,4,1
415,1,4,1
416,1,4,2
417,0,4,1
418,1,4,1
419,1,4,2
420,1,4,2
421,0,4,2
422,1,4,2
423,1,4,1
424,1,4,2
425,1,4,1
426,1,4,2
427,1,4,2
428,0,4,1
429,1,4,1
430,0,4,1
431,0,4,1
432,0,4,1
433,1,4,1
434,1,4,1
435,1,4,2
436,1,4,1
437,1,4,1
438,0,4,2
439,1,1,1
440,0,1,1
441,0,1,1
442,1,1,1
443,1,1,2
444,1,1,1
445,1,1,1
446,1,1,1
447,1,1,2
448,1,1,2
449,1,1,1
450,1,1,1
451,1,1,2
452,1,1,1
453,1,1,1
454,0,2,2
455,0,2,2
456,0,2,2
457,0,2,2
458,0,2,2
459,1,2,2
460,0,2,2
461,1,2,2
462,0,2,2
463,0,2,2
464,1,2,2
465,0,2,2
466,1,2,2
467,0,2,1
468,1,2,1
469,1,2,2
470,1,2,2
471,0,2,2
472,0,2,2
473,1,2,2
474,1,2,1
475,0,2,1
476,1,2,1
477,1,2,1
478,0,2,2
479,1,2,2
480,1,2,1
481,1,2,2
482,1,2,1
483,1,2,2
484,1,2,2
485,0,2,2
486,1,2,2
487,1,2,1
488,1,2,1
489,1,2,2
490,1,2,1
491,1,3,2
492,0,3,2
493,1,3,2
494,1,3,1
495,0,3,1
496,1,3,1
497,0,3,2
498,0,3,2
499,0,3,2
500,0,3,2
501,0,3,2
502,1,3,2
503,0,3,1
504,1,3,1
505,1,3,1
506,1,3,1
507,0,3,2
508,0,3,2
509,1,3,2
510,1,3,2
511,1,3,1
512,1,3,1
513,1,3,2
514,0,3,1
515,0,3,1
516,1,3,1
517,1,3,1
518,0,3,2
519,1,3,2
520,0,3,2
521,1,3,2
522,0,3,2
523,1,3,2
524,1,3,2
525,1,3,1
526,1,3,2
527,1,3,2
528,0,3,2
529,1,3,2
530,1,3,1
531,0,3,1
532,1,3,1
533,0,3,1
534,1,3,1
535,1,3,2
536,0,3,1
537,0,3,1
538,0,3,1
539,1,3,1
540,0,3,2
541,1,3,2
542,1,3,1
543,1,3,2
544,0,3,2
545,1,3,2
546,0,3,2
547,1,3,2
548,0,3,1
549,1,3,1
550,0,3,1
551,1,3,1
552,1,3,2
553,1,3,1
554,1,3,2
555,1,3,2
556,1,3,2
557,1,3,1
558,1,3,2
559,1,3,1
560,1,3,2
561,1,3,2
562,0,1,2
563,1,1,2
564,1,1,1
565,0,1,2
566,0,1,2
567,1,1,2
568,1,1,1
569,0,1,2
570,1,1,2
571,0,1,2
572,1,1,2
573,1,1,1
574,0,1,1
575,1,1,1
576,1,1,1
577,0,1,2
578,1,1,2
579,0,1,1
580,1,1,1
581,1,1,1
582,0,1,2
583,1,1,2
584,1,1,1
585,1,1,1
586,1,1,1
587,0,1,2
588,1,1,2
589,1,1,1
590,1,1,1
591,1,1,1
592,1,1,2
593,1,1,1
594,1,1,1
595,0,2,1
596,0,2,1
597,0,2,1
598,0,2,1
599,0,2,1
600,0,2,1
601,0,2,1
602,1,2,1
603,0,2,2
604,1,2,2
605,0,2,2
606,1,2,2
607,1,2,2
608,1,2,2
609,0,2,1
610,1,2,1
611,1,2,2
612,0,2,2
613,1,2,2
614,0,2,1
615,1,2,1
616,0,2,2
617,1,2,2
618,1,2,1
619,0,2,2
620,1,2,2
621,0,2,1
622,1,2,1
623,1,2,2
624,1,2,2
625,1,2,1
626,1,2,1
627,0,2,1
628,1,2,1
629,1,2,2
630,1,2,1
631,1,2,2
632,1,2,1
633,1,2,1
634,1,2,2
635,1,3,1
636,0,3,1
637,1,3,1
638,0,3,2
639,0,3,2
640,0,3,2
641,0,3,2
642,0,3,2
643,1,3,2
644,0,3,1
645,1,3,1
646,1,3,1
647,1,3,1
648,0,3,2
649,0,3,2
650,1,3,2
651,1,3,2
652,1,3,1
653,1,3,1
654,1,3,2
655,0,3,1
656,0,3,1
657,1,3,1
658,1,3,1
659,0,3,2
660,1,3,2
661,0,3,2
662,1,3,2
663,0,3,2
664,1,3,2
665,1,3,2
666,1,3,1
667,1,3,2
668,1,3,2
669,0,3,2
670,1,3,2
671,1,3,1
672,0,3,1
673,1,3,1
674,0,3,1
675,1,3,1
676,1,3,2
677,0,3,1
678,0,3,1
679,0,3,1
680,1,3,1
681,0,3,2
682,1,3,2
683,1,3,1
684,1,3,2
685,0,3,2
686,1,3,2
687,0,3,2
688,1,3,2
689,0,3,1
690,1,3,1
691,0,3,1
692,1,3,1
693,1,3,2
694,1,3,1
695,1,3,2
696,1,3,2
697,1,3,2
698,1,3,1
699,1,3,2
700,1,3,1
701,1,3,2
702,1,3,2
703,0,1,2
704,1,1,2
705,1,1,1
706,0,1,2
707,0,1,2
708,1,1,2
709,1,1,1
710,0,1,2
711,1,1,2
712,0,1,2
713,1,1,2
714,1,1,1
715,0,1,1
716,1,1,1
717,1,1,1
718,0,1,2
719,1,1,2
720,0,1,1
721,1,1,1
722,1,1,1
723,0,1,2
724,1,1,2
725,1,1,1
726,1,1,1
727,1,1,1
728,0,1,2
729,1,1,2
730,1,1,1
731,1,1,1
732,1,1,1
733,1,1,2
734,1,1,1
735,1,1,1
736,0,2,1
737,0,2,1
738,0,2,1
739,0,2,1
740,0,2,1
741,0,2,1
742,0,2,1
743,1,2,1
744,0,2,2
745,1,2,2
746,0,2,2
747,1,2,2
748,1,2,2
749,1,2,2
750,0,2,1
751,1,2,1
752,1,2,2
753,0,2,2
754,1,2,2
755,0,2,1
756,1,2,1
757,0,2,2
758,1,2,2
759,1,2,1
760,0,2,2
761,1,2,2
762,0,2,1
763,1,2,1
764,1,2,2
765,1,2,2
766,1,2,1
767,1,2,1
768,0,2,1
769,1,2,1
770,1,2,2
771,1,2,1
772,1,2,2
773,1,2,1
774,1,2,1
775,1,2,2
776,1,3,1
777,0,3,1
778,1,3,1
779,0,3,2
780,0,3,2
781,0,3,2
782,0,3,2
783,0,3,2
784,1,3,2
785,0,3,1
786,1,3,1
787,1,3,1
788,1,3,1
789,0,3,2
790,0,3,2
791,1,3,2
792,1,3,2
793,1,3,1
794,1,3,1
795,1,3,2
796,0,3,1
797,0,3,1
798,1,3,1
799,1,3,1
800,0,3,2
801,1,3,2
802,0,3,2
803,1,3,2
804,0,3,2
805,1,3,2
806,1,3,2
807,1,3,1
808,1,3,2
809,1,3,2
810,0,3,2
811,1,3,2
812,1,3,1
813,0,3,1
814,1,3,1
815,0,3,1
816,1,3,1
817,1,3,2
818,0,3,1
819,0,3,1
820,0,3,1
821,1,3,1
822,0,3,2
823,1,3,2
824,1,3,1
825,1,3,2
826,0,3,2
827,1,3,2
828,0,3,2
829,1,3,2
830,0,3,1
831,1,3,1
832,0,3,1
833,1,3,1
834,1,3,2
835,1,3,1
836,1,3,2
837,1,3,2
838,1,3,2
839,1,3,1
840,1,3,2
841,1,3,1
842,1,3,2
843,1,3,2
844,0,1,2
845,1,1,2
846,1,1,1
847,0,1,2
848,0,1,2
849,1,1,2
850,1,1,1
851,0,1,2
852,1,1,2
853,0,1,2
854,1,1,2
855,1,1,1
856,0,1,1
857,1,1,1
858,1,1,1
859,0,1,2
860,1,1,2
861,0,1,1
862,1,1,1
863,1,1,1
864,0,1,2
865,1,1,2
866,1,1,1
867,1,1,1
868,1,1,1
869,0,1,2
870,1,1,2
871,1,1,1
872,1,1,1
873,1,1,1
874,1,1,2
875,1,1,1
876,1,1,1
877,0,2,1
878,0,2,1
879,0,2,1
880,0,2,1
881,0,2,1
882,0,2,1
883,0,2,1
884,1,2,1
885,0,2,2
886,1,2,2
887,0,2,2
888,1,2,2
889,1,2,2
890,1,2,2
891,0,2,1
892,1,2,1
893,1,2,2
894,0,2,2
895,1,2,2
896,0,2,1
897,1,2,1
898,0,2,2
899,1,2,2
900,1,2,1
901,0,2,2
902,1,2,2
903,0,2,1
904,1,2,1
905,1,2,2
906,1,2,2
907,1,2,1
908,1,2,1
909,0,2,1
910,1,2,1
911,1,2,2
912,1,2,1
913,1,2,2
914,1,2,1
915,1,2,1
916,1,2,2
917,1,3,1
918,0,3,1
919,1,3,1
920,0,3,2
921,0,3,2
922,0,3,2
923,0,3,2
924,0,3,2
925,1,3,2
926,0,3,1
927,1,3,1
928,1,3,1
929,1,3,1
930,0,3,2
931,0,3,2
932,1,3,2
933,1,3,2
934,1,3,1
935,1,3,1
936,1,3,2
937,0,3,1
938,0,3,1
939,1,3,1
940,1,3,1
941,0,3,2
942,1,3,2
943,0,3,2
944,1,3,2
945,0,3,2
946,1,3,2
947,1,3,2
948,1,3,1
949,1,3,2
950,1,3,2
951,0,3,2
952,1,3,2
953,1,3,1
954,0,3,1
955,1,3,1
956,0,3,1
957,1,3,1
958,1,3,2
959,0,3,1
960,0,3,1
961,0,3,1
962,1,3,1
963,0,3,2
964,1,3,2
965,1,3,1
966,1,3,2
967,0,3,2
968,1,3,2
969,0,3,2
970,1,3,2
971,0,3,1
972,1,3,1
973,0,3,1
974,1,3,1
975,1,3,2
976,1,3,1
977,1,3,2
978,1,3,2
979,1,3,2
980,1,3,1
981,1,3,2
982,1,3,1
983,1,3,2
984,1,3,2
985,0,1,2
986,1,1,2
987,1,1,1
988,0,1,2
989,0,1,2
990,1,1,2
991,1,1,1
992,0,1,2
993,1,1,2
994,0,1,2
995,1,1,2
996,1,1,1
997,0,1,1
998,1,1,1
999,1,1,1
1000,0,1,2
1001,1,1,2
1002,0,1,1
1003,1,1,1
1004,1,1,1
1005,0,1,2
1006,1,1,2
1007,1,1,1
1008,1,1,1
1009,1,1,1
1010,0,1,2
1011,1,1,2
1012,1,1,1
1013,1,1,1
1014,1,1,1
1015,1,1,2
1016,1,1,1
1017,1,1,1
1018,0,2,1
1019,0,2,1
1020,0,2,1
1021,0,2,1
1022,0,2,1
1023,0,2,1
1024,0,2,1
1025,1,2,1
1026,0,2,2
1027,1,2,2
1028,0,2,2
1029,1,2,2
1030,1,2,2
1031,1,2,2
1032,0,2,1
1033,1,2,1
1034,1,2,2
1035,0,2,2
1036,1,2,2
1037,0,2,1
1038,1,2,1
1039,0,2,2
1040,1,2,2
1041,1,2,1
1042,0,2,2
1043,1,2,2
1044,0,2,1
1045,1,2,1
1046,1,2,2
1047,1,2,2
1048,1,2,1
1049,1,2,1
1050,0,2,1
1051,1,2,1
1052,1,2,2
1053,1,2,1
1054,1,2,2
1055,1,2,1
1056,1,2,1
1057,1,2,2
1058,1,3,1
1059,0,3,1
1060,1,3,1
1061,0,3,2
1062,0,3,2
1063,0,3,2
1064,0,3,2
1065,0,3,2
1066,1,3,2
1067,0,3,1
1068,1,3,1
1069,1,3,1
1070,1,3,1
1071,0,3,2
1072,0,3,2
1073,1,3,2
1074,1,3,2
1075,1,3,1
1076,1,3,1
1077,1,3,2
1078,0,3,1
1079,0,3,1
1080,1,3,1
1081,1,3,1
1082,0,3,2
1083,1,3,2
1084,0,3,2
1085,1,3,2
1086,0,3,2
1087,1,3,2
1088,1,3,2
1089,1,3,1
1090,1,3,2
1091,1,3,2
1092,0,3,2
1093,1,3,2
1094,1,3,1
1095,0,3,1
1096,1,3,1
1097,0,3,1
1098,1,3,1
1099,1,3,2
1100,0,3,1
1101,0,3,1
1102,0,3,1
1103,1,3,1
1104,0,3,2
1105,1,3,2
1106,1,3,1
1107,1,3,2
1108,0,3,2
1109,1,3,2
1110,0,3,2
1111,1,3,2
1112,0,3,1
1113,1,3,1
1114,0,3,1
1115,1,3,1
1116,1,3,2
1117,1,3,1
1118,1,3,2
1119,1,3,2
1120,1,3,2
1121,1,3,1
1122,1,3,2
1123,1,3,1
1124,1,3,2
1125,1,3,2
1126,0,1,2
1127,1,1,2
1128,1,1,1
1129,0,1,2
1130,0,1,2
1131,1,1,2
1132,1,1,1
1133,0,1,2
1134,1,1,2
1135,0,1,2
1136,1,1,2
1137,1,1,1
1138,0,1,1
1139,1,1,1
1140,1,1,1
1141,0,1,2
1142,1,1,2
1143,0,1,1
1144,1,1,1
1145,1,1,1
1146,0,1,2
1147,1,1,2
1148,1,1,1
1149,1,1,1
1150,1,1,1
1151,0,1,2
1152,1,1,2
1153,1,1,1
1154,1,1,1
1155,1,1,1
1156,1,1,2
1157,1,1,1
1158,1,1,1
1159,0,2,1
1160,0,2,1
1161,0,2,1
1162,0,2,1
1163,0,2,1
1164,0,2,1
1165,0,2,1
1166,1,2,1
1167,0,2,2
1168,1,2,2
1169,0,2,2
1170,1,2,2
1171,1,2,2
1172,1,2,2
1173,0,2,1
1174,1,2,1
1175,1,2,2
1176,0,2,2
1177,1,2,2
1178,0,2,1
1179,1,2,1
1180,0,2,2
1181,1,2,2
1182,1,2,1
1183,0,2,2
1184,1,2,2
1185,0,2,1
1186,1,2,1
1187,1,2,2
1188,1,2,2
1189,1,2,1
1190,1,2,1
1191,0,2,1
1192,1,2,1
1193,1,2,2
1194,1,2,1
1195,1,2,2
1196,1,2,1
1197,1,2,1
1198,1,2,2
1199,1,3,1
1200,0,3,1
1201,1,3,1
1202,0,3,2
1203,0,3,2
1204,0,3,2
1205,0,3,2
1206,0,3,2
1207,1,3,2
1208,0,3,1
1209,1,3,1
1210,1,3,1
1211,1,3,1
1212,0,3,2
1213,0,3,2
1214,1,3,2
1215,1,3,2
1216,1,3,1
1217,1,3,1
1218,1,3,2
1219,0,3,1
1220,0,3,1
1221,1,3,1
1222,1,3,1
1223,0,3,2
1224,1,3,2
1225,0,3,2
1226,1,3,2
1227,0,3,2
1228,1,3,2
1229,1,3,2
1230,1,3,1
1231,1,3,2
1232,1,3,2
1233,0,3,2
1234,1,3,2
1235,1,3,1
1236,0,3,1
1237,1,3,1
1238,0,3,1
1239,1,3,1
1240,1,3,2
1241,0,3,1
1242,0,3,1
1243,0,3,1
1244,1,3,1
1245,0,3,2
1246,1,3,2
1247,1,3,1
1248,1,3,2
1249,0,3,2
1250,1,3,2
1251,0,3,2
1252,1,3,2
1253,0,3,1
1254,1,3,1
1255,0,3,1
1256,1,3,1
1257,1,3,2
1258,1,3,1
1259,1,3,2
1260,1,3,2
1261,1,3,2
1262,1,3,1
1263,1,3,2
1264,1,3,1
1265,1,3,2
1266,1,3,2
1267,0,1,2
1268,1,1,2
1269,1,1,1
1270,0,1,2
1271,0,1,2
1272,1,1,2
1273,1,1,1
1274,0,1,2
1275,1,1,2
1276,0,1,2
1277,1,1,2
1278,1,1,1
1279,0,1,1
1280,1,1,1
1281,1,1,1
1282,0,1,2
1283,1,1,2
1284,0,1,1
1285,1,1,1
1286,1,1,1
1287,0,1,2
1288,1,1,2
1289,1,1,1
1290,1,1,1
1291,1,1,1
1292,0,1,2
1293,1,1,2
1294,1,1,1
1295,1,1,1
1296,1,1,1
1297,1,1,2
1298,1,1,1
1299,1,1,1
1300,0,2,1
1301,0,2,1
1302,0,2,1
1303,0,2,1
1304,0,2,1
1305,0,2,1
1306,0,2,1
1307,1,2,1
1308,0,2,2
1309,1,2,2
1310,0,2,2
1311,1,2,2
1312,1,2,2
1313,1,2,2
1314,0,2,1
1315,1,2,1
1316,1,2,2
1317,0,2,2
1318,1,2,2
1319,0,2,1
1320,1,2,1
1321,0,2,2
1322,1,2,2
1323,1,2,1
1324,0,2,2
1325,1,2,2
1326,0,2,1
1327,1,2,1
1328,1,2,2
1329,1,2,2
1330,1,2,1
1331,1,2,1
1332,0,2,1
1333,1,2,1
1334,1,2,2
1335,1,2,1
1336,1,2,2
1337,1,2,1
1338,1,2,1
1339,1,2,2
1340,1,3,1
1341,0,3,1
1342,1,3,1
1343,0,3,2
1344,0,3,2
1345,0,3,2
1346,0,3,2
1347,0,3,2
1348,1,3,2
1349,0,3,1
1350,1,3,1
1351,1,3,1
1352,1,3,1
1353,0,3,2
1354,0,3,2
1355,1,3,2
1356,1,3,2
1357,1,3,1
1358,1,3,1
1359,1,3,2
1360,0,3,1
1361,0,3,1
1362,1,3,1
1363,1,3,1
1364,0,3,2
1365,1,3,2
1366,0,3,2
1367,1,3,2
1368,0,3,2
1369,1,3,2
1370,1,3,2
1371,1,3,1
1372,1,3,2
1373,1,3,2
1374,0,3,2
1375,1,3,2
1376,1,3,1
1377,0,3,1
1378,1,3,1
1379,0,3,1
1380,1,3,1
1381,1,3,2
1382,0,3,1
1383,0,3,1
1384,0,3,1
1385,1,3,1
1386,0,3,2
1387,1,3,2
1388,1,3,1
1389,1,3,2
1390,0,3,2
1391,1,3,2
1392,0,3,2
1393,1,3,2
1394,0,3,1
1395,1,3,1
1396,0,3,1
1397,1,3,1
1398,1,3,2
1399,1,3,1
1400,1,3,2
1401,1,3,2
1402,1,3,2
1403,1,3,1
1404,1,3,2
1405,1,3,1
1406,1,3,2
1407,1,3,2
1408,0,1,2
1409,1,1,2
1410,1,1,1
1411,0,1,2
1412,0,1,2
1413,1,1,2
1414,1,1,1
1415,0,1,2
1416,1,1,2
1417,0,1,2
1418,1,1,2
1419,1,1,1
1420,0,1,1
1421,1,1,1
1422,1,1,1
1423,0,1,2
1424,1,1,2
1425,0,1,1
1426,1,1,1
1427,1,1,1
1428,0,1,2
1429,1,1,2
1430,1,1,1
1431,1,1,1
1432,1,1,1
1433,0,1,2
1434,1,1,2
1435,1,1,1
1436,1,1,1
1437,1,1,1
1438,1,1,2
1439,1,1,1
1440,1,1,1
1441,0,2,1
1442,0,2,1
1443,0,2,1
1444,0,2,1
1445,0,2,1
1446,0,2,1
1447,0,2,1
1448,1,2,1
1449,0,2,2
1450,1,2,2
1451,0,2,2
1452,1,2,2
1453,1,2,2
1454,1,2,2
1455,0,2,1
1456,1,2,1
1457,1,2,2
1458,0,2,2
1459,1,2,2
1460,0,2,1
1461,1,2,1
1462,0,2,2
1463,1,2,2
1464,1,2,1
1465,0,2,2
1466,1,2,2
1467,0,2,1
1468,1,2,1
1469,1,2,2
1470,1,2,2
1471,1,2,1
1472,1,2,1
1473,0,2,1
1474,1,2,1
1475,1,2,2
1476,1,2,1
1477,1,2,2
1478,1,2,1
1479,1,2,1
1480,1,2,2
1481,1,3,1
1482,0,3,1
1483,1,3,1
1484,0,3,2
1485,0,3,2
1486,0,3,2
1487,0,3,2
1488,0,3,2
1489,1,3,2
1490,0,3,1
1491,1,3,1
1492,1,3,1
1493,1,3,1
1494,0,3,2
1495,0,3,2
1496,1,3,2
1497,1,3,2
1498,1,3,1
1499,1,3,1
1500,1,3,2
1501,0,3,1
1502,0,3,1
1503,1,3,1
1504,1,3,1
1505,0,3,2
1506,1,3,2
1507,0,3,2
1508,1,3,2
1509,0,3,2
1510,1,3,2
1511,1,3,2
1512,1,3,1
1513,1,3,2
1514,1,3,2
1515,0,3,2
1516,1,3,2
1517,1,3,1
1518,0,3,1
1519,1,3,1
1520,0,3,1
1521,1,3,1
1522,1,3,2
1523,0,3,1
1524,0,3,1
1525,0,3,1
1526,1,3,1
1527,0,3,2
1528,1,3,2
1529,1,3,1
1530,1,3,2
1531,0,3,2
1532,1,3,2
1533,0,3,2
1534,1,3,2
1535,0,3,1
1536,1,3,1
1537,0,3,1
1538,1,3,1
1539,1,3,2
1540,1,3,1
1541,1,3,2
1542,1,3,2
1543,1,3,2
1544,1,3,1
1545,1,3,2
1546,1,3,1
1547,1,3,2
1548,1,3,2
1549,0,1,2
1550,1,1,2
1551,1,1,1
1552,0,1,2
1553,0,1,2
1554,1,1,2
1555,1,1,1
1556,0,1,2
1557,1,1,2
1558,0,1,2
1559,1,1,2
1560,1,1,1
1561,0,1,1
1562,1,1,1
1563,1,1,1
1564,0,1,2
1565,1,1,2
1566,0,1,1
1567,1,1,1
1568,1,1,1
1569,0,1,2
1570,1,1,2
1571,1,1,1
1572,1,1,1
1573,1,1,1
1574,0,1,2
1575,1,1,2
1576,1,1,1
1577,1,1,1
1578,1,1,1
1579,1,1,2
1580,1,1,1
1581,1,1,1
1582,0,2,1
1583,0,2,1
1584,0,2,1
1585,0,2,1
1586,0,2,1
1587,0,2,1
1588,0,2,1
1589,1,2,1
1590,0,2,2
1591,1,2,2
1592,0,2,2
1593,1,2,2
1594,1,2,2
1595,1,2,2
1596,0,2,1
1597,1,2,1
1598,1,2,2
1599,0,2,2
1600,1,2,2
1601,0,2,1
1602,1,2,1
1603,0,2,2
1604,1,2,2
1605,1,2,1
1606,0,2,2
1607,1,2,2
1608,0,2,1
1609,1,2,1
1610,1,2,2
1611,1,2,2
1612,1,2,1
1613,1,2,1
1614,0,2,1
1615,1,2,1
1616,1,2,2
1617,1,2,1
1618,1,2,2
1619,1,2,1
1620,1,2,1
1621,1,2,2
1622,0,4,1
1623,1,4,1
1624,0,4,1
1625,1,4,1
1626,0,4,2
1627,0,4,2
1628,1,4,2
1629,0,4,1
1630,1,4,1
1631,1,4,1
1632,1,4,1
1633,0,4,2
1634,0,4,2
1635,1,4,2
1636,0,4,2
1637,1,4,2
1638,0,4,1
1639,1,4,1
1640,1,4,1
1641,1,4,2
1642,1,4,1
1643,1,4,1
1644,1,4,2
1645,0,4,2
1646,1,4,2
1647,0,4,2
1648,1,4,2
1649,0,4,2
1650,1,4,2
1651,1,4,1
1652,1,4,2
1653,0,4,2
1654,1,4,2
1655,0,4,2
1656,1,4,2
1657,1,4,1
1658,1,4,1
1659,0,4,1
1660,1,4,1
1661,1,4,2
1662,1,4,1
1663,1,4,2
1664,1,4,1
1665,1,4,2
1666,0,4,2
1667,1,4,2
1668,0,4,2
1669,1,4,2
1670,0,4,1
1671,1,4,1
1672,1,4,1
1673,0,4,2
1674,1,4,2
1675,1,4,1
1676,0,4,2
1677,1,4,2
1678,0,4,2
1679,1,4,2
1680,0,4,2
1681,1,4,2
1682,1,4,1
1683,1,4,2
1684,0,4,1
1685,1,4,1
1686,1,4,2
1687,1,4,2
1688,0,4,2
1689,1,4,2
1690,1,4,1
1691,1,4,2
1692,0,4,1
1693,1,4,1
1694,1,4,2
1695,1,4,2
1696,1,4,1
1697,1,4,1
1698,1,4,1
1699,0,4,2
1700,1,4,2
1701,1,4,1
1702,1,4,1
1703,1,4,2
1704,1,2,1
1705,1,2,1
1706,1,2,1
1707,0,2,2
1708,1,2,2
1709,1,2,1
1710,1,2,1
1711,1,2,1
1712,0,2,2
1713,1,2,2
1714,1,2,1
1715,1,2,1
1716,0,2,1
1717,0,2,1
1718,1,2,1
1719,0,2,2
1720,1,2,2
1721,0,2,2
1722,1,2,2
1723,1,2,2
1724,0,2,2
1725,1,2,2
1726,0,2,1
1727,1,2,1
1728,0,2,2
1729,1,2,2
1730,1,2,2
1731,1,2,1
1732,1,2,2
1733,1,2,1
1734,1,2,2
1735,1,2,1
1736,1,2,2
1737,1,2,2
1738,1,2,1
1739,1,2,1
1740,0,1,1
1741,1,1,1
1742,0,1,2
1743,0,1,2
1744,0,1,2
1745,0,1,2
1746,0,1,2
1747,1,1,2
1748,0,1,1
1749,0,1,1
1750,1,1,1
1751,1,1,2
1752,1,1,1
1753,1,1,1
1754,1,1,2
1755,1,1,2
1756,0,1,2
1757,1,1,2
1758,0,1,2
1759,0,1,2
1760,1,1,2
1761,1,1,1
1762,1,1,2
1763,0,1,2
1764,1,1,2
1765,1,1,2
1766,1,1,2
1767,0,1,1
1768,1,1,1
1769,1,1,2
1770,1,1,2
1771,1,1,2
1772,1,1,1
1773,1,1,2
1774,1,1,2
1775,0,4,1
1776,1,4,1
1777,0,4,1
1778,1,4,1
1779,0,4,2
1780,0,4,2
1781,1,4,2
1782,0,4,1
1783,1,4,1
1784,1,4,1
1785,1,4,1
1786,0,4,2
1787,0,4,2
1788,1,4,2
1789,0,4,2
1790,1,4,2
1791,0,4,1
1792,1,4,1
1793,1,4,1
1794,1,4,2
1795,1,4,1
1796,1,4,1
1797,1,4,2
1798,0,4,2
1799,1,4,2
1800,0,4,2
1801,1,4,2
1802,0,4,2
1803,1,4,2
1804,1,4,1
1805,1,4,2
1806,0,4,2
1807,1,4,2
1808,0,4,2
1809,1,4,2
1810,1,4,1
1811,1,4,1
1812,0,4,1
1813,1,4,1
1814,1,4,2
1815,1,4,1
1816,1,4,2
1817,1,4,1
1818,1,4,2
1819,0,4,2
1820,1,4,2
1821,0,4,2
1822,1,4,2
1823,0,4,1
1824,1,4,1
1825,1,4,1
1826,0,4,2
1827,1,4,2
1828,1,4,1
1829,0,4,2
1830,1,4,2
1831,0,4,2
1832,1,4,2
1833,0,4,2
1834,1,4,2
1835,1,4,1
1836,1,4,2
1837,0,4,1
1838,1,4,1
1839,1,4,2
1840,1,4,2
1841,0,4,2
1842,1,4,2
1843,1,4,1
1844,1,4,2
1845,0,4,1
1846,1,4,1
1847,1,4,2
1848,1,4,2
1849,1,4,1
1850,1,4,1
1851,1,4,1
1852,0,4,2
1853,1,4,2
1854,1,4,1
1855,1,4,1
1856,1,4,2
1857,1,2,1
1858,1,2,1
1859,1,2,1
1860,0,2,2
1861,1,2,2
1862,1,2,1
1863,1,2,1
1864,1,2,1
1865,0,2,2
1866,1,2,2
1867,1,2,1
1868,1,2,1
1869,0,2,1
1870,0,2,1
1871,1,2,1
1872,0,2,2
1873,1,2,2
1874,0,2,2
1875,1,2,2
1876,1,2,2
1877,0,2,2
1878,1,2,2
1879,0,2,1
1880,1,2,1
1881,0,2,2
1882,1,2,2
1883,1,2,2
1884,1,2,1
1885,1,2,2
1886,1,2,1
1887,1,2,2
1888,1,2,1
1889,1,2,2
1890,1,2,2
1891,1,2,1
1892,1,2,1
1893,0,1,1
1894,1,1,1
1895,0,1,2
1896,0,1,2
1897,0,1,2
1898,0,1,2
1899,0,1,2
1900,1,1,2
1901,0,1,1
1902,0,1,1
1903,1,1,1
1904,1,1,2
1905,1,1,1
1906,1,1,1
1907,1,1,2
1908,1,1,2
1909,0,1,2
1910,1,1,2
1911,0,1,2
1912,0,1,2
1913,1,1,2
1914,1,1,1
1915,1,1,2
1916,0,1,2
1917,1,1,2
1918,1,1,2
1919,1,1,2
1920,0,1,1
1921,1,1,1
1922,1,1,2
1923,1,1,2
1924,1,1,2
1925,1,1,1
1926,1,1,2
1927,1,1,2
1928,0,4,1
1929,1,4,1
1930,0,4,1
1931,1,4,1
1932,0,4,2
1933,0,4,2
1934,1,4,2
1935,0,4,1
1936,1,4,1
1937,1,4,1
1938,1,4,1
1939,0,4,2
1940,0,4,2
1941,1,4,2
1942,0,4,2
1943,1,4,2
1944,0,4,1
1945,1,4,1
1946,1,4,1
1947,1,4,2
1948,1,4,1
1949,1,4,1
1950,1,4,2
1951,0,4,2
1952,1,4,2
1953,0,4,2
1954,1,4,2
1955,0,4,2
1956,1,4,2
1957,1,4,1
1958,1,4,2
1959,0,4,2
1960,1,4,2
1961,0,4,2
1962,1,4,2
1963,1,4,1
1964,1,4,1
1965,0,4,1
1966,1,4,1
1967,1,4,2
1968,1,4,1
1969,1,4,2
1970,1,4,1
1971,1,4,2
1972,0,4,2
1973,1,4,2
1974,0,4,2
1975,1,4,2
1976,0,4,1
1977,1,4,1
1978,1,4,1
1979,0,4,2
1980,1,4,2
1981,1,4,1
1982,0,4,2
1983,1,4,2
1984,0,4,2
1985,1,4,2
1986,0,4,2
1987,1,4,2
1988,1,4,1
1989,1,4,2
1990,0,4,1
1991,1,4,1
1992,1,4,2
1993,1,4,2
1994,0,4,2
1995,1,4,2
1996,1,4,1
1997,1,4,2
1998,0,4,1
1999,1,4,1
2000,1,4,2
2001,1,4,2
2002,1,4,1
2003,1,4,1
2004,1,4,1
2005,0,4,2
2006,1,4,2
2007,1,4,1
2008,1,4,1
2009,1,4,2
2010,1,2,1
2011,1,2,1
2012,1,2,1
2013,0,2,2
2014,1,2,2
2015,1,2,1
2016,1,2,1
2017,1,2,1
2018,0,2,2
2019,1,2,2
2020,1,2,1
2021,1,2,1
2022,0,2,1
2023,0,2,1
2024,1,2,1
2025,0,2,2
2026,1,2,2
2027,0,2,2
2028,1,2,2
2029,1,2,2
2030,0,2,2
2031,1,2,2
2032,0,2,1
2033,1,2,1
2034,0,2,2
2035,1,2,2
2036,1,2,2
2037,1,2,1
2038,1,2,2
2039,1,2,1
2040,1,2,2
2041,1,2,1
2042,1,2,2
2043,1,2,2
2044,1,2,1
2045,1,2,1
2046,0,1,1
2047,1,1,1
2048,0,1,2
2049,0,1,2
2050,0,1,2
2051,0,1,2
2052,0,1,2
2053,1,1,2
2054,0,1,1
2055,0,1,1
2056,1,1,1
2057,1,1,2
2058,1,1,1
2059,1,1,1
2060,1,1,2
2061,1,1,2
2062,0,1,2
2063,1,1,2
2064,0,1,2
2065,0,1,2
2066,1,1,2
2067,1,1,1
2068,1,1,2
2069,0,1,2
2070,1,1,2
2071,1,1,2
2072,1,1,2
2073,0,1,1
2074,1,1,1
2075,1,1,2
2076,1,1,2
2077,1,1,2
2078,1,1,1
2079,1,1,2
2080,1,1,2
2081,1,3,1
2082,0,3,1
2083,1,3,1
2084,0,3,2
2085,1,3,2
2086,1,3,1
2087,0,3,1
2088,1,3,1
2089,1,3,1
2090,0,3,2
2091,1,3,2
2092,0,3,2
2093,1,3,2
2094,0,3,1
2095,1,3,1
2096,1,3,1
2097,0,3,2
2098,1,3,2
2099,1,3,1
2100,0,3,1
2101,0,3,1
2102,1,3,1
2103,0,3,2
2104,1,3,2
2105,1,3,2
2106,0,3,2
2107,1,3,2
2108,0,3,2
2109,1,3,2
2110,1,3,1
2111,1,3,2
2112,0,3,2
2113,0,3,2
2114,1,3,2
2115,0,3,2
2116,1,3,2
2117,1,3,1
2118,1,3,1
2119,1,3,1
2120,1,3,2
2121,1,3,1
2122,1,3,2
2123,1,3,1
2124,1,3,2
2125,0,3,2
2126,1,3,2
2127,0,3,2
2128,1,3,2
2129,1,3,1
2130,1,3,1
2131,0,1,2
2132,1,1,2
2133,1,1,1
2134,0,1,2
2135,1,1,2
2136,1,1,2
2137,1,1,2
2138,1,1,1
2139,1,1,2
2140,1,1,1
2141,0,1,2
2142,1,1,2
2143,0,1,2
2144,1,1,2
2145,1,1,2
2146,1,1,1
2147,1,1,2
2148,1,1,1
2149,1,1,2
2150,0,2,2
2151,0,2,2
2152,1,2,2
2153,0,2,1
2154,0,2,1
2155,0,2,1
2156,0,2,1
2157,1,2,1
2158,0,2,1
2159,1,2,1
2160,0,2,1
2161,1,2,1
2162,1,2,2
2163,0,2,1
2164,1,2,1
2165,1,2,1
2166,0,2,2
2167,1,2,2
2168,1,2,1
2169,0,2,1
2170,1,2,1
2171,0,2,1
2172,1,2,1
2173,0,2,2
2174,1,2,2
2175,1,2,1
2176,1,2,1
2177,0,2,1
2178,1,2,1
2179,1,2,2
2180,1,2,1
2181,1,2,1
2182,1,2,1
2183,1,2,2
2184,1,2,2
2185,1,2,2
2186,0,2,2
2187,1,2,2
2188,1,2,1
2189,0,1,2
2190,1,3,1
2191,0,3,1
2192,1,3,1
2193,0,3,2
2194,1,3,2
2195,1,3,1
2196,0,3,1
2197,1,3,1
2198,1,3,1
2199,0,3,2
2200,1,3,2
2201,0,3,2
2202,1,3,2
2203,0,3,1
2204,1,3,1
2205,1,3,1
2206,0,3,2
2207,1,3,2
2208,1,3,1
2209,0,3,1
2210,0,3,1
2211,1,3,1
2212,0,3,2
2213,1,3,2
2214,1,3,2
2215,0,3,2
2216,1,3,2
2217,0,3,2
2218,1,3,2
2219,1,3,1
2220,1,3,2
2221,0,3,2
2222,0,3,2
2223,1,3,2
2224,0,3,2
2225,1,3,2
2226,1,3,1
2227,1,3,1
2228,1,3,1
2229,1,3,2
2230,1,3,1
2231,1,3,2
2232,1,3,1
2233,1,3,2
2234,0,3,2
2235,1,3,2
2236,0,3,2
2237,1,3,2
2238,1,3,1
2239,1,3,1
2240,0,1,2
2241,1,1,2
2242,1,1,1
2243,0,1,2
2244,1,1,2
2245,1,1,2
2246,1,1,2
2247,1,1,1
2248,1,1,2
2249,1,1,1
2250,0,1,2
2251,1,1,2
2252,0,1,2
2253,1,1,2
2254,1,1,2
2255,1,1,1
2256,1,1,2
2257,1,1,1
2258,1,1,2
2259,0,2,2
2260,0,2,2
2261,1,2,2
2262,0,2,1
2263,0,2,1
2264,0,2,1
2265,0,2,1
2266,1,2,1
2267,0,2,1
2268,1,2,1
2269,0,2,1
2270,1,2,1
2271,1,2,2
2272,0,2,1
2273,1,2,1
2274,1,2,1
2275,0,2,2
2276,1,2,2
2277,1,2,1
2278,0,2,1
2279,1,2,1
2280,0,2,1
2281,1,2,1
2282,0,2,2
2283,1,2,2
2284,1,2,1
2285,1,2,1
2286,0,2,1
2287,1,2,1
2288,1,2,2
2289,1,2,1
2290,1,2,1
2291,1,2,1
2292,1,2,2
2293,1,2,2
2294,1,2,2
2295,0,2,2
2296,1,2,2
2297,1,2,1
2298,0,1,2
2299,1,3,1
2300,0,3,1
2301,1,3,1
2302,0,3,2
2303,1,3,2
2304,1,3,1
2305,0,3,1
2306,1,3,1
2307,1,3,1
2308,0,3,2
2309,1,3,2
2310,0,3,2
2311,1,3,2
2312,0,3,1
2313,1,3,1
2314,1,3,1
2315,0,3,2
2316,1,3,2
2317,1,3,1
2318,0,3,1
2319,0,3,1
2320,1,3,1
2321,0,3,2
2322,1,3,2
2323,1,3,2
2324,0,3,2
2325,1,3,2
2326,0,3,2
2327,1,3,2
2328,1,3,1
2329,1,3,2
2330,0,3,2
2331,0,3,2
2332,1,3,2
2333,0,3,2
2334,1,3,2
2335,1,3,1
2336,1,3,1
2337,1,3,1
2338,1,3,2
2339,1,3,1
2340,1,3,2
2341,1,3,1
2342,1,3,2
2343,0,3,2
2344,1,3,2
2345,0,3,2
2346,1,3,2
2347,1,3,1
2348,1,3,1
2349,0,1,2
2350,1,1,2
2351,1,1,1
2352,0,1,2
2353,1,1,2
2354,1,1,2
2355,1,1,2
2356,1,1,1
2357,1,1,2
2358,1,1,1
2359,0,1,2
2360,1,1,2
2361,0,1,2
2362,1,1,2
2363,1,1,2
2364,1,1,1
2365,1,1,2
2366,1,1,1
2367,1,1,2
2368,0,2,2
2369,0,2,2
2370,1,2,2
2371,0,2,1
2372,0,2,1
2373,0,2,1
2374,0,2,1
2375,1,2,1
2376,0,2,1
2377,1,2,1
2378,0,2,1
2379,1,2,1
2380,1,2,2
2381,0,2,1
2382,1,2,1
2383,1,2,1
2384,0,2,2
2385,1,2,2
2386,1,2,1
2387,0,2,1
2388,1,2,1
2389,0,2,1
2390,1,2,1
2391,0,2,2
2392,1,2,2
2393,1,2,1
2394,1,2,1
2395,0,2,1
2396,1,2,1
2397,1,2,2
2398,1,2,1
2399,1,2,1
2400,1,2,1
2401,1,2,2
2402,1,2,2
2403,1,2,2
2404,0,2,2
2405,1,2,2
2406,1,2,1
2407,0,1,2
2408,1,3,1
2409,0,3,1
2410,1,3,1
2411,0,3,2
2412,1,3,2
2413,1,3,1
2414,0,3,1
2415,1,3,1
2416,1,3,1
2417,0,3,2
2418,1,3,2
2419,0,3,2
2420,1,3,2
2421,0,3,1
2422,1,3,1
2423,1,3,1
2424,0,3,2
2425,1,3,2
2426,1,3,1
2427,0,3,1
2428,0,3,1
2429,1,3,1
2430,0,3,2
2431,1,3,2
2432,1,3,2
2433,0,3,2
2434,1,3,2
2435,0,3,2
2436,1,3,2
2437,1,3,1
2438,1,3,2
2439,0,3,2
2440,0,3,2
2441,1,3,2
2442,0,3,2
2443,1,3,2
2444,1,3,1
2445,1,3,1
2446,1,3,1
2447,1,3,2
2448,1,3,1
2449,1,3,2
2450,1,3,1
2451,1,3,2
2452,0,3,2
2453,1,3,2
2454,0,3,2
2455,1,3,2
2456,1,3,1
2457,1,3,1
2458,0,1,2
2459,1,1,2
2460,1,1,1
2461,0,1,2
2462,1,1,2
2463,1,1,2
2464,1,1,2
2465,1,1,1
2466,1,1,2
2467,1,1,1
2468,0,1,2
2469,1,1,2
2470,0,1,2
2471,1,1,2
2472,1,1,2
2473,1,1,1
2474,1,1,2
2475,1,1,1
2476,1,1,2
2477,0,2,2
2478,0,2,2
2479,1,2,2
2480,0,2,1
2481,0,2,1
2482,0,2,1
2483,0,2,1
2484,1,2,1
2485,0,2,1
2486,1,2,1
2487,0,2,1
2488,1,2,1
2489,1,2,2
2490,0,2,1
2491,1,2,1
2492,1,2,1
2493,0,2,2
2494,1,2,2
2495,1,2,1
2496,0,2,1
2497,1,2,1
2498,0,2,1
2499,1,2,1
2500,0,2,2
2501,1,2,2
2502,1,2,1
2503,1,2,1
2504,0,2,1
2505,1,2,1
2506,1,2,2
2507,1,2,1
2508,1,2,1
2509,1,2,1
2510,1,2,2
2511,1,2,2
2512,1,2,2
2513,0,2,2
2514,1,2,2
2515,1,2,1
2516,0,1,2
2517,1,4,1
2518,0,4,1
2519,1,4,1
2520,0,4,2
2521,1,4,2
2522,0,4,1
2523,1,4,1
2524,0,4,1
2525,1,4,1
2526,1,4,1
2527,0,4,2
2528,0,4,2
2529,1,4,2
2530,1,4,2
2531,1,4,1
2532,0,4,1
2533,1,4,1
2534,1,4,2
2535,0,4,1
2536,1,4,1
2537,1,4,1
2538,1,4,2
2539,0,4,2
2540,1,4,2
2541,0,4,2
2542,1,4,2
2543,1,4,2
2544,0,4,1
2545,0,4,1
2546,1,4,1
2547,1,4,2
2548,0,4,2
2549,1,4,2
2550,1,4,2
2551,1,4,1
2552,1,4,1
2553,1,4,1
2554,1,4,2
2555,1,4,1
2556,1,4,2
2557,1,4,1
2558,1,4,2
2559,1,4,2
2560,0,2,2
2561,1,2,2
2562,1,2,1
2563,1,2,1
2564,0,2,2
2565,1,2,2
2566,1,2,1
2567,0,2,2
2568,1,2,2
2569,0,2,2
2570,1,2,2
2571,1,2,2
2572,1,2,1
2573,1,2,2
2574,1,2,1
2575,1,2,2
2576,0,2,2
2577,1,2,2
2578,1,2,2
2579,1,2,1
2580,1,2,2
2581,1,2,1
2582,1,2,2
2583,0,1,2
2584,0,1,2
2585,0,1,2
2586,0,1,2
2587,0,1,2
2588,1,1,2
2589,0,1,1
2590,0,1,1
2591,1,1,1
2592,0,1,1
2593,0,1,1
2594,0,1,1
2595,1,1,1
2596,0,1,1
2597,1,1,1
2598,1,1,2
2599,1,1,1
2600,0,1,1
2601,1,1,1
2602,0,1,2
2603,1,1,2
2604,1,1,1
2605,1,1,1
2606,1,1,1
2607,1,1,2
2608,1,1,1
2609,1,1,1
2610,1,1,1
2611,0,1,2
2612,1,1,2
2613,1,1,1
2614,1,1,1
2615,1,1,1
2616,1,4,1
2617,0,4,1
2618,1,4,1
2619,0,4,2
2620,1,4,2
2621,0,4,1
2622,1,4,1
2623,0,4,1
2624,1,4,1
2625,1,4,1
2626,0,4,2
2627,0,4,2
2628,1,4,2
2629,1,4,2
2630,1,4,1
2631,0,4,1
2632,1,4,1
2633,1,4,2
2634,0,4,1
2635,1,4,1
2636,1,4,1
2637,1,4,2
2638,0,4,2
2639,1,4,2
2640,0,4,2
2641,1,4,2
2642,1,4,2
2643,0,4,1
2644,0,4,1
2645,1,4,1
2646,1,4,2
2647,0,4,2
2648,1,4,2
2649,1,4,2
2650,1,4,1
2651,1,4,1
2652,1,4,1
2653,1,4,2
2654,1,4,1
2655,1,4,2
2656,1,4,1
2657,1,4,2
2658,1,4,2
2659,0,2,2
2660,1,2,2
2661,1,2,1
2662,1,2,1
2663,0,2,2
2664,1,2,2
2665,1,2,1
2666,0,2,2
2667,1,2,2
2668,0,2,2
2669,1,2,2
2670,1,2,2
2671,1,2,1
2672,1,2,2
2673,1,2,1
2674,1,2,2
2675,0,2,2
2676,1,2,2
2677,1,2,2
2678,1,2,1
2679,1,2,2
2680,1,2,1
2681,1,2,2
2682,0,1,2
2683,0,1,2
2684,0,1,2
2685,0,1,2
2686,0,1,2
2687,1,1,2
2688,0,1,1
2689,0,1,1
2690,1,1,1
2691,0,1,1
2692,0,1,1
2693,0,1,1
2694,1,1,1
2695,0,1,1
2696,1,1,1
2697,1,1,2
2698,1,1,1
2699,0,1,1
2700,1,1,1
2701,0,1,2
2702,1,1,2
2703,1,1,1
2704,1,1,1
2705,1,1,1
2706,1,1,2
2707,1,1,1
2708,1,1,1
2709,1,1,1
2710,0,1,2
2711,1,1,2
2712,1,1,1
2713,1,1,1
2714,1,1,1
